priority_tier,area,store_name,address,phone,map_link,instagram_or_site,review_count,rating,store_type,store_tone,location_score,specialty_score,contactability_score,total_score,priority_grade,message_type,contact_status,last_contact_date,notes,sms_ready,source_bucket,cleanup_flags,cluster,send_score,send_priority_bucket,recommended_wave,send_order,batch_hint,priority_reason,row_number,phone_digits,normalized_phone,phone_type,audit_flags,audit_status,evidence_basis
1,성수,요가파이어,서울 마포구 성암로 215 1층 전자담배,010-2208-1078,https://m.martha-vape.com/bs21/layout/map_store2.html,,,,전자담배 전문점,성수 공식 스토어 로케이터 검증,5,4,5,14,A,1,미접촉,,공식 스토어 로케이터(martha) 기반 SMS 우선 확장 배치 2026-04-09,yes,official_locator,,트렌드/대학가,17.30,P1,Wave 1,36,Batch 2,"score 17.3, tier1 area, message_type1, official source",37,01022081078,010-2208-1078,mobile_010,area_address_mismatch,review_needed,official_locator; map_link; notes
1,성수,베이프랩 성수점,서울 성동구 동일로 173 1층,010-7739-2839,https://m.martha-vape.com/bs21/layout/map_store2.html,,,,전자담배 전문점,성수 트렌드 상권,5,4,5,14,A,1,미접촉,,동일로점 기준 공개 웹 검색 기반 초안; 동일 연락처 중복 병합: 베이프랩 왕십리 | 서울 성동구 왕십리 / 성수멀티샵 왕십리 | 서울 성동구 왕십리,yes,linked_source,merged_dup_history,트렌드/대학가,16.30,P1,Wave 1,73,Batch 2,"score 16.3, tier1 area, message_type1, linked source, flags:merged_dup_history",74,01077392839,010-7739-2839,mobile_010,cleanup:merged_dup_history,review_needed,linked_source; map_link; notes; cleanup_flags:merged_dup_history
1,홍대/합정/상수,몬스터즈베이프 홍대,서울 마포구 서교동,010-9725-5262,,,,,전자담배 전문점,홍대 메인상권,5,4,5,14,A,1,미접촉,,공개 웹 검색 기반 초안,yes,web_search_draft,draft_only,트렌드/대학가,15.70,P1,Wave 1,76,Batch 2,"score 15.7, tier1 area, message_type1, flags:draft_only",77,01097255262,010-9725-5262,mobile_010,cleanup:draft_only|draft_provenance_only|missing_map_link,review_needed,web_search_draft; notes; cleanup_flags:draft_only
1,홍대/합정/상수,스타브론즈 홍대,서울 마포구 동교로 201 건영빌딩 B1,010-6528-7501,,,,,전자담배 전문점,홍대 상권,5,4,5,14,A,1,미접촉,,공개 웹 검색 기반 초안,yes,web_search_draft,draft_only,트렌드/대학가,15.70,P1,Wave 1,77,Batch 2,"score 15.7, tier1 area, message_type1, flags:draft_only",78,01065287501,010-6528-7501,mobile_010,cleanup:draft_only|draft_provenance_only|missing_map_link,review_needed,web_search_draft; notes; cleanup_flags:draft_only
1,홍대/합정/상수,홍대전자담배,서울 마포구 서교동,010-5160-0986,,,,,전자담배 전문점,홍대 메인상권,5,4,5,14,A,1,미접촉,,공개 웹 검색 기반 초안,yes,web_search_draft,draft_only,트렌드/대학가,15.70,P1,Wave 1,78,Batch 2,"score 15.7, tier1 area, message_type1, flags:draft_only",79,01051600986,010-5160-0986,mobile_010,cleanup:draft_only|draft_provenance_only|missing_map_link,review_needed,web_search_draft; notes; cleanup_flags:draft_only
1,삼성/코엑스,삼성역전자담배,서울 강남구 영동대로85길 20 대치3차아이파크오피스텔 1동 301호,010-2816-5801,https://m.martha-vape.com/bs21/layout/map_store2.html,, , ,전자담배 전문점,삼성역 인접,4,4,5,13,A,2,미접촉,,기존 02 대신 공개 웹 검색상 확인된 010 번호 반영; 동일 연락처 중복 병합: 마샤 베이프 대치동점 | 서울 강남구 영동대로85길 20 대치3차아이파크오피스텔 301호,yes,linked_source,merged_dup_history,코어 오피스/상업권,14.90,P2,Wave 2,119,Batch 5,"score 14.9, tier1 area, linked source, flags:merged_dup_history",120,01028165801,010-2816-5801,mobile_010,cleanup:merged_dup_history,review_needed,linked_source; map_link; notes; cleanup_flags:merged_dup_history
1,삼성/코엑스,삼성전자담배 삼성동점,서울 강남구 삼성로 517 채널리저브 지하109호,010-3239-0208,,,,,전자담배 전문점,삼성역 상권,4,4,5,13,A,1,미접촉,,공개 웹 검색 기반 초안,yes,web_search_draft,draft_only,코어 오피스/상업권,14.70,P2,Wave 2,120,Batch 5,"score 14.7, tier1 area, message_type1, flags:draft_only",121,01032390208,010-3239-0208,mobile_010,cleanup:draft_only|draft_provenance_only|missing_map_link,review_needed,web_search_draft; notes; cleanup_flags:draft_only
1,신논현/논현,도깨비전자담배 강남구청점,서울 강남구 논현동,010-5149-8765,,,,,전자담배 전문점,강남구청 상권,4,4,5,13,A,1,미접촉,,공개 웹 검색 기반 초안,yes,web_search_draft,draft_only,코어 오피스/상업권,14.70,P2,Wave 2,121,Batch 5,"score 14.7, tier1 area, message_type1, flags:draft_only",122,01051498765,010-5149-8765,mobile_010,cleanup:draft_only|draft_provenance_only|missing_map_link,review_needed,web_search_draft; notes; cleanup_flags:draft_only
1,신논현/논현,야옹이 전자담배 논현점,서울 강남구 언주로 604 지1층 111호,010-6259-5397,,,,,전자담배 전문점,논현/강남구청 상권,4,4,5,13,A,1,미접촉,,공개 웹 검색 기반 초안,yes,web_search_draft,draft_only,코어 오피스/상업권,14.70,P2,Wave 2,122,Batch 5,"score 14.7, tier1 area, message_type1, flags:draft_only",123,01062595397,010-6259-5397,mobile_010,cleanup:draft_only|draft_provenance_only|missing_map_link,review_needed,web_search_draft; notes; cleanup_flags:draft_only
1,신논현/논현,지포앤퍼프 논현,서울 강남구 논현동,010-9166-5953,,,,,전자담배 전문점,논현 상권,4,4,5,13,A,1,미접촉,,공개 웹 검색 기반 초안,yes,web_search_draft,draft_only,코어 오피스/상업권,14.70,P2,Wave 2,123,Batch 5,"score 14.7, tier1 area, message_type1, flags:draft_only",124,01091665953,010-9166-5953,mobile_010,cleanup:draft_only|draft_provenance_only|missing_map_link,review_needed,web_search_draft; notes; cleanup_flags:draft_only
1,역삼/선릉,강남전자담배프라자 대치점,서울 강남구 대치동,010-6229-6662,,,,,전자담배 전문점,대치 상권,4,4,5,13,A,1,미접촉,,공개 웹 검색 기반 초안,yes,web_search_draft,draft_only,코어 오피스/상업권,14.70,P2,Wave 2,124,Batch 5,"score 14.7, tier1 area, message_type1, flags:draft_only",125,01062296662,010-6229-6662,mobile_010,cleanup:draft_only|draft_provenance_only|missing_map_link,review_needed,web_search_draft; notes; cleanup_flags:draft_only
1,역삼/선릉,강남핫딜전자담배,서울 강남구 역삼동,010-6237-4242,,,,,전자담배 전문점,역삼 상권,4,4,5,13,A,1,미접촉,,공개 웹 검색 기반 초안,yes,web_search_draft,draft_only,코어 오피스/상업권,14.70,P2,Wave 2,125,Batch 5,"score 14.7, tier1 area, message_type1, flags:draft_only",126,01062374242,010-6237-4242,mobile_010,cleanup:draft_only|draft_provenance_only|missing_map_link,review_needed,web_search_draft; notes; cleanup_flags:draft_only
1,역삼/선릉,베리베리 역삼,서울 강남구 역삼동,010-8931-0753,,,,,전자담배 전문점,역삼 오피스상권,4,4,5,13,A,1,미접촉,,공개 웹 검색 기반 초안,yes,web_search_draft,draft_only,코어 오피스/상업권,14.70,P2,Wave 2,126,Batch 5,"score 14.7, tier1 area, message_type1, flags:draft_only",127,01089310753,010-8931-0753,mobile_010,cleanup:draft_only|draft_provenance_only|missing_map_link,review_needed,web_search_draft; notes; cleanup_flags:draft_only
1,역삼/선릉,비원베이프,서울 강남구 역삼동,010-8222-8333,,,,,전자담배 전문점,역삼 상권,4,4,5,13,A,1,미접촉,,공개 웹 검색 기반 초안,yes,web_search_draft,draft_only,코어 오피스/상업권,14.70,P2,Wave 2,127,Batch 5,"score 14.7, tier1 area, message_type1, flags:draft_only",128,01082228333,010-8222-8333,mobile_010,cleanup:draft_only|draft_provenance_only|missing_map_link,review_needed,web_search_draft; notes; cleanup_flags:draft_only
1,역삼/선릉,역삼전자담배,서울 강남구 역삼동,010-6659-9800,,,,,전자담배 전문점,역삼 상권,4,4,5,13,A,1,미접촉,,공개 웹 검색 기반 초안,yes,web_search_draft,draft_only,코어 오피스/상업권,14.70,P2,Wave 2,128,Batch 5,"score 14.7, tier1 area, message_type1, flags:draft_only",129,01066599800,010-6659-9800,mobile_010,cleanup:draft_only|draft_provenance_only|missing_map_link,review_needed,web_search_draft; notes; cleanup_flags:draft_only
1,역삼/선릉,홀릭전자담배 선릉점,서울 강남구 선릉로86길 31 롯데골드로즈2차 1층,010-3337-9457,,,,,전자담배 전문점,선릉 핵심상권,4,4,5,13,A,1,미접촉,,공개 웹 검색 기반 초안,yes,web_search_draft,draft_only,코어 오피스/상업권,14.70,P2,Wave 2,129,Batch 5,"score 14.7, tier1 area, message_type1, flags:draft_only",130,01033379457,010-3337-9457,mobile_010,cleanup:draft_only|draft_provenance_only|missing_map_link,review_needed,web_search_draft; notes; cleanup_flags:draft_only
1,신논현/논현,카우베이프 논현,서울 강남구 논현로 507,010-2581-3799,,,,,전자담배 전문점,논현/강남 상권,4,4,5,13,A,1,미접촉,,공개 웹 검색 기반 초안; 동일 연락처 중복 병합: 엔드퍼프 역삼점 | ,yes,web_search_draft,merged_dup_history,코어 오피스/상업권,14.60,P2,Wave 2,130,Batch 5,"score 14.6, tier1 area, message_type1, flags:merged_dup_history",131,01025813799,010-2581-3799,mobile_010,cleanup:merged_dup_history|draft_provenance_only|missing_map_link,review_needed,web_search_draft; notes; cleanup_flags:merged_dup_history
1,역삼/선릉,vaping lounge,서울 강남구 선릉로155길 28 1층,010-4806-6928,,,,,전자담배 전문점,청담/선릉 연결축,4,4,5,13,A,2,미접촉,,공개 웹 검색 기반 초안,yes,web_search_draft,draft_only,코어 오피스/상업권,14.30,P2,Wave 2,139,Batch 5,"score 14.3, tier1 area, flags:draft_only",140,01048066928,010-4806-6928,mobile_010,cleanup:draft_only|draft_provenance_only|missing_map_link,review_needed,web_search_draft; notes; cleanup_flags:draft_only
2,여의도,엔드퍼프/마샤 베이프 여의도,서울 영등포구 국회대로 780 엘지여의도에클라트 지하1층,010-3544-3028,https://end-puff.com/bs21/layout/map_all2.html,,,,전자담배 전문점,여의도 오피스타운,4,4,5,13,A,2,미접촉,,공개 웹 검색 기반 초안; 동일 연락처 중복 병합: 여의도 라미야 엘지에클라트 | 서울 영등포구 국회대로 780 엘지여의도에클라트 지하1층,yes,linked_source,merged_dup_history,코어 오피스/상업권,14.10,P2,Wave 2,140,Batch 5,"score 14.1, linked source, flags:merged_dup_history",141,01035443028,010-3544-3028,mobile_010,cleanup:merged_dup_history,review_needed,linked_source; map_link; notes; cleanup_flags:merged_dup_history
2,홍대/합정/상수,마포전자담배 망원점,서울 마포구 망원동,010-9024-2960,,,,,전자담배 전문점,망원 상권,4,4,5,13,A,1,미접촉,,공개 웹 검색 기반 초안,yes,web_search_draft,draft_only,트렌드/대학가,13.90,P2,Wave 2,150,Batch 6,"score 13.9, message_type1, flags:draft_only",151,01090242960,010-9024-2960,mobile_010,cleanup:draft_only|draft_provenance_only|missing_map_link,review_needed,web_search_draft; notes; cleanup_flags:draft_only
2,홍대/합정/상수,서울베이퍼즈 합정,서울 마포구 합정동,010-9191-9670,,,,,전자담배 전문점,합정 상권,4,4,5,13,A,1,미접촉,,공개 웹 검색 기반 초안,yes,web_search_draft,draft_only,트렌드/대학가,13.90,P2,Wave 2,151,Batch 6,"score 13.9, message_type1, flags:draft_only",152,01091919670,010-9191-9670,mobile_010,cleanup:draft_only|draft_provenance_only|missing_map_link,review_needed,web_search_draft; notes; cleanup_flags:draft_only
2,홍대/합정/상수,콤마베이프 합정,서울 마포구 합정동,010-2123-2848,,,,,전자담배 전문점,합정 상권,4,4,5,13,A,1,미접촉,,공개 웹 검색 기반 초안,yes,web_search_draft,draft_only,트렌드/대학가,13.90,P2,Wave 2,152,Batch 6,"score 13.9, message_type1, flags:draft_only",153,01021232848,010-2123-2848,mobile_010,cleanup:draft_only|draft_provenance_only|missing_map_link,review_needed,web_search_draft; notes; cleanup_flags:draft_only
1,잠실/송리단길,송파잠실 전자담배 베이프갱스터,서울 송파구 오금로11길 11-11 B동 101호,010-9490-3404,,,,,전자담배 전문점,방이/잠실 상권,4,4,5,13,A,1,미접촉,,공개 웹 검색 기반 초안,yes,web_search_draft,draft_only,혼합 고회전 상권,14.70,P2,Wave 2,163,Batch 7,"score 14.7, tier1 area, message_type1, flags:draft_only",164,01094903404,010-9490-3404,mobile_010,cleanup:draft_only|draft_provenance_only|missing_map_link,review_needed,web_search_draft; notes; cleanup_flags:draft_only
2,종로/을지로/충무로,라미야 명동회현점,서울 중구 소공로 58 지하층 라열9·10호 (회현지하도상가),010-8789-0789,https://m.martha-vape.com/bs21/layout/map_store2.html,,,,전자담배 전문점,명동/회현 상권,4,4,5,13,A,2,미접촉,,공개 웹 검색 기반 초안; 동일 연락처 중복 병합: 베이프식스틴 충무로점 | 서울 중구 소공로 지하 58 회현지하쇼핑센터 라열9호10호,yes,linked_source,merged_dup_history,혼합 고회전 상권,14.10,P2,Wave 2,169,Batch 7,"score 14.1, linked source, flags:merged_dup_history",170,01087890789,010-8789-0789,mobile_010,cleanup:merged_dup_history,review_needed,linked_source; map_link; notes; cleanup_flags:merged_dup_history
2,잠실/송리단길,도깨비전자담배 잠실본점,서울 송파구 올림픽로30길 9 206호,010-7107-9876,,,,,전자담배 전문점,잠실 상권,4,4,5,13,A,1,미접촉,,공개 웹 검색 기반 초안,yes,web_search_draft,draft_only,혼합 고회전 상권,13.90,P2,Wave 2,172,Batch 7,"score 13.9, message_type1, flags:draft_only",173,01071079876,010-7107-9876,mobile_010,cleanup:draft_only|draft_provenance_only|missing_map_link,review_needed,web_search_draft; notes; cleanup_flags:draft_only
2,잠실/송리단길,뿜뿜베이프 잠실,서울 송파구 올림픽로 86 (잠실동) 1층,010-8651-5339,,,,,전자담배 전문점,잠실 상권,4,4,5,13,A,1,미접촉,,공개 웹 검색 기반 초안,yes,web_search_draft,draft_only,혼합 고회전 상권,13.90,P2,Wave 2,173,Batch 7,"score 13.9, message_type1, flags:draft_only",174,01086515339,010-8651-5339,mobile_010,cleanup:draft_only|draft_provenance_only|missing_map_link,review_needed,web_search_draft; notes; cleanup_flags:draft_only
2,잠실/송리단길,잠실전자담배 베이프갱스터,서울 송파구 백제고분로7길 49 1층105호,010-2086-3404,,,,,전자담배 전문점,잠실 상권,4,4,5,13,A,1,미접촉,,공개 웹 검색 기반 초안,yes,web_search_draft,draft_only,혼합 고회전 상권,13.90,P2,Wave 2,174,Batch 7,"score 13.9, message_type1, flags:draft_only",175,01020863404,010-2086-3404,mobile_010,cleanup:draft_only|draft_provenance_only|missing_map_link,review_needed,web_search_draft; notes; cleanup_flags:draft_only
2,잠실/송리단길,잠실직영점,서울 송파구 올림픽로 119 (잠실동) 에이170호,010-8974-5300,,,,,전자담배 전문점,잠실 상권,4,4,5,13,A,1,미접촉,,공개 웹 검색 기반 초안,yes,web_search_draft,draft_only,혼합 고회전 상권,13.90,P2,Wave 2,175,Batch 7,"score 13.9, message_type1, flags:draft_only",176,01089745300,010-8974-5300,mobile_010,cleanup:draft_only|draft_provenance_only|missing_map_link,review_needed,web_search_draft; notes; cleanup_flags:draft_only
2,종로/을지로/충무로,벨베이프 이대,서울 서대문구 이화여대길 29 1층,010-2321-2946,,,,,전자담배 전문점,이대/신촌 상권,4,4,5,13,A,1,미접촉,,공개 웹 검색 기반 초안,yes,web_search_draft,draft_only,혼합 고회전 상권,13.90,P2,Wave 2,176,Batch 7,"score 13.9, message_type1, flags:draft_only",177,01023212946,010-2321-2946,mobile_010,area_address_mismatch|cleanup:draft_only|draft_provenance_only|missing_map_link,review_needed,web_search_draft; notes; cleanup_flags:draft_only
2,종로/을지로/충무로,씨와이 전자담배,서울 중구 창경궁로 2,010-9053-1511,,,,,전자담배 전문점,종로/을지로 상권,4,4,5,13,A,1,미접촉,,공개 웹 검색 기반 초안,yes,web_search_draft,draft_only,혼합 고회전 상권,13.90,P2,Wave 2,177,Batch 7,"score 13.9, message_type1, flags:draft_only",178,01090531511,010-9053-1511,mobile_010,cleanup:draft_only|draft_provenance_only|missing_map_link,review_needed,web_search_draft; notes; cleanup_flags:draft_only
2,종로/을지로/충무로,에스엠마트 베가전자담배,서울 종로구 청계천로 55 (관철동) 101호,010-8314-0688,,,,,전자담배 전문점,청계천 상권,4,4,5,13,A,1,미접촉,,공개 웹 검색 기반 초안,yes,web_search_draft,draft_only,혼합 고회전 상권,13.90,P2,Wave 2,178,Batch 7,"score 13.9, message_type1, flags:draft_only",179,01083140688,010-8314-0688,mobile_010,cleanup:draft_only|draft_provenance_only|missing_map_link,review_needed,web_search_draft; notes; cleanup_flags:draft_only
2,종로/을지로/충무로,종각베이퍼스,서울 종로구 종로 19 (종로1가) 지하1층 122-2호,010-4912-9434,,,,,전자담배 전문점,종각 상권,4,4,5,13,A,1,미접촉,,공개 웹 검색 기반 초안,yes,web_search_draft,draft_only,혼합 고회전 상권,13.90,P2,Wave 2,179,Batch 7,"score 13.9, message_type1, flags:draft_only",180,01049129434,010-4912-9434,mobile_010,cleanup:draft_only|draft_provenance_only|missing_map_link,review_needed,web_search_draft; notes; cleanup_flags:draft_only
2,종로/을지로/충무로,준베이프 충무로,서울 중구 서애로 18 (필동3가) 1층,010-2253-9553,,,,,전자담배 전문점,충무로 상권,4,4,5,13,A,1,미접촉,,공개 웹 검색 기반 초안,yes,web_search_draft,draft_only,혼합 고회전 상권,13.90,P2,Wave 2,180,Batch 7,"score 13.9, message_type1, flags:draft_only",181,01022539553,010-2253-9553,mobile_010,cleanup:draft_only|draft_provenance_only|missing_map_link,review_needed,web_search_draft; notes; cleanup_flags:draft_only
2,종로/을지로/충무로,증기기관 을지로점,서울 중구 을지로 지하쇼핑센터,010-9205-6927,,,,,전자담배 전문점,을지로 상권,4,4,5,13,A,1,미접촉,,공개 웹 검색 기반 초안,yes,web_search_draft,draft_only,혼합 고회전 상권,13.90,P2,Wave 2,181,Batch 7,"score 13.9, message_type1, flags:draft_only",182,01092056927,010-9205-6927,mobile_010,cleanup:draft_only|draft_provenance_only|missing_map_link,review_needed,web_search_draft; notes; cleanup_flags:draft_only
2,종로/을지로/충무로,충무로베이프샵,서울 중구 퇴계로 179-1 (필동1가) 1층,010-9306-9233,,,,,전자담배 전문점,충무로 상권,4,4,5,13,A,1,미접촉,,공개 웹 검색 기반 초안,yes,web_search_draft,draft_only,혼합 고회전 상권,13.90,P2,Wave 2,182,Batch 7,"score 13.9, message_type1, flags:draft_only",183,01093069233,010-9306-9233,mobile_010,cleanup:draft_only|draft_provenance_only|missing_map_link,review_needed,web_search_draft; notes; cleanup_flags:draft_only
2,종로/을지로/충무로,케이전자담배 종로,서울 중구 무교로 32 효령빌딩 지하1층,010-3258-1910,,,,,전자담배 전문점,광화문/종각 상권,4,4,5,13,A,1,미접촉,,공개 웹 검색 기반 초안,yes,web_search_draft,draft_only,혼합 고회전 상권,13.90,P2,Wave 2,183,Batch 7,"score 13.9, message_type1, flags:draft_only",184,01032581910,010-3258-1910,mobile_010,cleanup:draft_only|draft_provenance_only|missing_map_link,review_needed,web_search_draft; notes; cleanup_flags:draft_only
2,천호/강동,일원전자담배,"서울 강남구 양재대로31길 5, 1층 (일원동)",010-6877-9100,http://litmuskorea.co.kr/sitefront/Litmuskorea/stores/,,,,전자담배 전문점,천호/강동 공식 스토어 로케이터 검증,4,4,5,13,A,2,미접촉,,공식 스토어 로케이터(litmus) 기반 SMS 우선 확장 배치 2026-04-09,yes,official_locator,,확장/생활상권,15.10,P2,Wave 2,234,Batch 8,"score 15.1, official source",235,01068779100,010-6877-9100,mobile_010,area_address_mismatch,review_needed,official_locator; map_link; notes
1,역삼/선릉,역삼전자담배멀티샵,서울 강남구 역삼로 139,010-6268-6451,,,,,멀티샵,역삼 상권,4,4,4,12,A,2,미접촉,,기존 02 번호 대신 공개 검색상 확인된 010 번호로 교체,yes,web_search_draft,,코어 오피스/상업권,13.70,P3,Wave 3,249,Batch 9,"score 13.7, tier1 area",250,01062686451,010-6268-6451,mobile_010,draft_provenance_only|missing_map_link,review_needed,web_search_draft; notes
1,역삼/선릉,쿨베이핑 개포점,서울 강남구 개포동,010-9249-3007,,,,,전자담배 전문점,개포 상권,3,4,5,12,A,1,미접촉,,공개 웹 검색 기반 초안,yes,web_search_draft,draft_only,코어 오피스/상업권,13.70,P3,Wave 3,250,Batch 9,"score 13.7, tier1 area, message_type1, flags:draft_only",251,01092493007,010-9249-3007,mobile_010,cleanup:draft_only|draft_provenance_only|missing_map_link,review_needed,web_search_draft; notes; cleanup_flags:draft_only
1,성수,금호동조아전자담배,서울 성동구 금호동,010-9627-2740,,,,,전자담배 전문점,금호 상권,3,4,5,12,A,1,미접촉,,공개 웹 검색 기반 초안,yes,web_search_draft,draft_only,트렌드/대학가,13.70,P3,Wave 3,252,Batch 10,"score 13.7, tier1 area, message_type1, flags:draft_only",253,01096272740,010-9627-2740,mobile_010,cleanup:draft_only|draft_provenance_only|missing_map_link,review_needed,web_search_draft; notes; cleanup_flags:draft_only
2,신촌/이대,몬스터즈 전자담배 신수동,서울 마포구 신수동,010-6826-8289,,,,,전자담배 전문점,신수/마포 상권,3,4,5,12,A,1,미접촉,,공개 웹 검색 기반 초안,yes,web_search_draft,draft_only,트렌드/대학가,12.90,P3,Wave 3,257,Batch 10,"score 12.9, message_type1, flags:draft_only",258,01068268289,010-6826-8289,mobile_010,cleanup:draft_only|draft_provenance_only|missing_map_link,review_needed,web_search_draft; notes; cleanup_flags:draft_only
2,신촌/이대,베이프존 아현점,서울 서대문구 북아현동,010-3443-0144,,,,,전자담배 전문점,아현 상권,3,4,5,12,A,1,미접촉,,공개 웹 검색 기반 초안,yes,web_search_draft,draft_only,트렌드/대학가,12.90,P3,Wave 3,258,Batch 10,"score 12.9, message_type1, flags:draft_only",259,01034430144,010-3443-0144,mobile_010,cleanup:draft_only|draft_provenance_only|missing_map_link,review_needed,web_search_draft; notes; cleanup_flags:draft_only
2,왕십리/한양대,구름베이프,서울 성동구 왕십리로21길 12 1층,010-3799-5841,,,,,전자담배 전문점,왕십리 상권,3,4,5,12,A,1,미접촉,,공개 웹 검색 기반 초안,yes,web_search_draft,draft_only,트렌드/대학가,12.90,P3,Wave 3,259,Batch 10,"score 12.9, message_type1, flags:draft_only",260,01037995841,010-3799-5841,mobile_010,cleanup:draft_only|draft_provenance_only|missing_map_link,review_needed,web_search_draft; notes; cleanup_flags:draft_only
2,이태원,마크전자담배 갈월동,서울 용산구 한강대로 259 (갈월동),010-8723-3430,,,,,전자담배 전문점,갈월 상권,3,4,5,12,A,1,미접촉,,공개 웹 검색 기반 초안,yes,web_search_draft,draft_only,트렌드/대학가,12.90,P3,Wave 3,260,Batch 10,"score 12.9, message_type1, flags:draft_only",261,01087233430,010-8723-3430,mobile_010,cleanup:draft_only|draft_provenance_only|missing_map_link,review_needed,web_search_draft; notes; cleanup_flags:draft_only
2,이태원,이글베이프,서울 용산구 한강대로46길 16 1층동 103호,010-4168-1201,,,,,전자담배 전문점,한강로 상권,3,4,5,12,A,1,미접촉,,공개 웹 검색 기반 초안,yes,web_search_draft,draft_only,트렌드/대학가,12.90,P3,Wave 3,261,Batch 10,"score 12.9, message_type1, flags:draft_only",262,01041681201,010-4168-1201,mobile_010,cleanup:draft_only|draft_provenance_only|missing_map_link,review_needed,web_search_draft; notes; cleanup_flags:draft_only
2,이태원,전자담배 용산 한강대로,서울 용산구 한강대로 166 1층,010-9914-1919,,,,,전자담배 전문점,용산역 상권,3,4,5,12,A,1,미접촉,,공개 웹 검색 기반 초안,yes,web_search_draft,draft_only,트렌드/대학가,12.90,P3,Wave 3,262,Batch 10,"score 12.9, message_type1, flags:draft_only",263,01099141919,010-9914-1919,mobile_010,cleanup:draft_only|draft_provenance_only|missing_map_link,review_needed,web_search_draft; notes; cleanup_flags:draft_only
2,이태원,전자담배랩 용산,서울 용산구 한강대로11길 30 101호,010-6614-7589,,,,,전자담배 전문점,용산 상권,3,4,5,12,A,1,미접촉,,공개 웹 검색 기반 초안,yes,web_search_draft,draft_only,트렌드/대학가,12.90,P3,Wave 3,263,Batch 10,"score 12.9, message_type1, flags:draft_only",264,01066147589,010-6614-7589,mobile_010,cleanup:draft_only|draft_provenance_only|missing_map_link,review_needed,web_search_draft; notes; cleanup_flags:draft_only
2,홍대/합정/상수,베이프마포공덕,서울 마포구 마포대로,010-7231-0916,,,,,전자담배 전문점,마포/공덕 상권,3,4,5,12,A,1,미접촉,,공개 웹 검색 기반 초안,yes,web_search_draft,draft_only,트렌드/대학가,12.90,P3,Wave 3,264,Batch 10,"score 12.9, message_type1, flags:draft_only",265,01072310916,010-7231-0916,mobile_010,cleanup:draft_only|draft_provenance_only|missing_map_link,review_needed,web_search_draft; notes; cleanup_flags:draft_only
2,홍대/합정/상수,서강베이프 신수동,서울 마포구 신수동,010-7637-8249,,,,,전자담배 전문점,신수/마포 상권,3,4,5,12,A,1,미접촉,,공개 웹 검색 기반 초안,yes,web_search_draft,draft_only,트렌드/대학가,12.90,P3,Wave 3,265,Batch 10,"score 12.9, message_type1, flags:draft_only",266,01076378249,010-7637-8249,mobile_010,cleanup:draft_only|draft_provenance_only|missing_map_link,review_needed,web_search_draft; notes; cleanup_flags:draft_only
2,신촌/이대,카리 전자담배 무악동,서울 종로구 통일로 230 (무악동) 경희궁롯데캐슬 상가 111호,010-4062-8818,,,,,전자담배 전문점,무악/독립문 상권,3,4,5,12,A,1,미접촉,,공개 웹 검색 기반 초안; 동일 연락처 중복 병합: 마블루 전자담배 홍제동 | 서울 서대문구 통일로 418 (홍제동) 1층,yes,web_search_draft,merged_dup_history,트렌드/대학가,12.80,P3,Wave 3,266,Batch 10,"score 12.8, message_type1, flags:merged_dup_history",267,01040628818,010-4062-8818,mobile_010,area_address_mismatch|cleanup:merged_dup_history|draft_provenance_only|missing_map_link,review_needed,web_search_draft; notes; cleanup_flags:merged_dup_history
2,왕십리/한양대,샤슈베이프 마장동,서울 성동구 마장로 271 (마장동) 삼성아파트 상가 1층,010-8989-0133,,,,,전자담배 전문점,마장/왕십리 상권,3,4,5,12,A,1,미접촉,,공개 웹 검색 기반 초안; 동일 연락처 중복 병합: 성동구 성수이로 마블루 | 서울 성동구 성수이로 34-1 (성수동2가),yes,web_search_draft,merged_dup_history,트렌드/대학가,12.80,P3,Wave 3,267,Batch 10,"score 12.8, message_type1, flags:merged_dup_history",268,01089890133,010-8989-0133,mobile_010,cleanup:merged_dup_history|draft_provenance_only|missing_map_link,review_needed,web_search_draft; notes; cleanup_flags:merged_dup_history
3,건대입구,광진전자담배프라자,서울 광진구 능동,010-5537-9339,,,,,전자담배 전문점,군자/능동 상권,3,4,5,12,A,1,미접촉,,공개 웹 검색 기반 초안,yes,web_search_draft,draft_only,트렌드/대학가,12.20,P3,Wave 3,268,Batch 10,"score 12.2, message_type1, flags:draft_only",269,01055379339,010-5537-9339,mobile_010,cleanup:draft_only|draft_provenance_only|missing_map_link,review_needed,web_search_draft; notes; cleanup_flags:draft_only
3,건대입구,전자담배스토어 중곡동,서울 광진구 중곡동,010-3391-9797,,,,,전자담배 전문점,중곡 상권,3,4,5,12,A,1,미접촉,,공개 웹 검색 기반 초안,yes,web_search_draft,draft_only,트렌드/대학가,12.20,P3,Wave 3,269,Batch 10,"score 12.2, message_type1, flags:draft_only",270,01033919797,010-3391-9797,mobile_010,cleanup:draft_only|draft_provenance_only|missing_map_link,review_needed,web_search_draft; notes; cleanup_flags:draft_only
3,신촌/이대,맥세븐북가좌점,서울 서대문구 거북골로 193 (북가좌동) 지층,010-5621-3004,,,,,전자담배 전문점,북가좌 상권,3,4,5,12,A,1,미접촉,,공개 웹 검색 기반 초안,yes,web_search_draft,draft_only,트렌드/대학가,12.20,P3,Wave 3,270,Batch 10,"score 12.2, message_type1, flags:draft_only",271,01056213004,010-5621-3004,mobile_010,cleanup:draft_only|draft_provenance_only|missing_map_link,review_needed,web_search_draft; notes; cleanup_flags:draft_only
3,신촌/이대,하카북가좌점,서울 서대문구 거북골로 158 (북가좌동),010-3790-0253,,,,,전자담배 전문점,북가좌 상권,3,4,5,12,A,1,미접촉,,공개 웹 검색 기반 초안,yes,web_search_draft,draft_only,트렌드/대학가,12.20,P3,Wave 3,271,Batch 10,"score 12.2, message_type1, flags:draft_only",272,01037900253,010-3790-0253,mobile_010,cleanup:draft_only|draft_provenance_only|missing_map_link,review_needed,web_search_draft; notes; cleanup_flags:draft_only
2,종로/을지로/충무로,커먼 전자담배 을지로점,서울 중구 수표로 48-7 홍일빌딩 102호,010-2079-6068,,,,,전자담배 전문점,을지로 오피스권,4,4,5,13,A,2,미접촉,,공개 웹 검색 기반 초안,yes,web_search_draft,draft_only,혼합 고회전 상권,13.50,P3,Wave 3,276,Batch 11,"score 13.5, flags:draft_only",277,01020796068,010-2079-6068,mobile_010,cleanup:draft_only|draft_provenance_only|missing_map_link,review_needed,web_search_draft; notes; cleanup_flags:draft_only
1,잠실/송리단길,라미야전자담배 송파가든파이브점,서울 송파구 충민로 66 가든파이브 NC백화점 지하1층 FB-1079호,010-2988-6281,,,,,전자담배 전문점,문정/송파 보강상권,3,4,5,12,A,2,미접촉,,공개 웹 검색 기반 초안,yes,web_search_draft,draft_only,혼합 고회전 상권,13.30,P3,Wave 3,277,Batch 11,"score 13.3, tier1 area, flags:draft_only",278,01029886281,010-2988-6281,mobile_010,cleanup:draft_only|draft_provenance_only|missing_map_link,review_needed,web_search_draft; notes; cleanup_flags:draft_only
1,잠실/송리단길,잔티몰,서울 송파구 백제고분로 187 파크인수 B202,010-8750-8531,,,,,전자담배 전문점,잠실 생활상권,3,4,5,12,A,2,미접촉,,공개 웹 검색 기반 초안,yes,web_search_draft,draft_only,혼합 고회전 상권,13.30,P3,Wave 3,278,Batch 11,"score 13.3, tier1 area, flags:draft_only",279,01087508531,010-8750-8531,mobile_010,cleanup:draft_only|draft_provenance_only|missing_map_link,review_needed,web_search_draft; notes; cleanup_flags:draft_only
2,마포/공덕,베이핑클럽 공덕,서울 마포구 마포대로 143 마포공덕파크팰리스Ⅱ 지하1층 108호,010-7604-1066,https://m.swidn.com/store,,,,전자담배 전문점,공덕 오피스타운,3,4,5,12,A,2,미접촉,,공개 웹 검색 기반 초안; 동일 연락처 중복 병합: 베이핑클럽 마포 | 서울 마포구 마포대로,yes,linked_source,merged_dup_history,혼합 고회전 상권,13.10,P3,Wave 3,279,Batch 11,"score 13.1, linked source, flags:merged_dup_history",280,01076041066,010-7604-1066,mobile_010,cleanup:merged_dup_history,review_needed,linked_source; map_link; notes; cleanup_flags:merged_dup_history
2,영등포/문래,더몬스터전자담배,서울 영등포구 문래동 (당산 인근),010-8412-6010,,,,,전자담배 전문점,당산/문래 상권,3,4,5,12,A,1,미접촉,,공개 웹 검색 기반 초안,yes,web_search_draft,draft_only,혼합 고회전 상권,12.90,P3,Wave 3,282,Batch 11,"score 12.9, message_type1, flags:draft_only",283,01084126010,010-8412-6010,mobile_010,cleanup:draft_only|draft_provenance_only|missing_map_link,review_needed,web_search_draft; notes; cleanup_flags:draft_only
2,영등포/문래,베이프247 당산,서울 영등포구 당산동3가,010-3400-3408,,,,,전자담배 전문점,당산 상권,3,4,5,12,A,1,미접촉,,공개 웹 검색 기반 초안,yes,web_search_draft,draft_only,혼합 고회전 상권,12.90,P3,Wave 3,283,Batch 11,"score 12.9, message_type1, flags:draft_only",284,01034003408,010-3400-3408,mobile_010,cleanup:draft_only|draft_provenance_only|missing_map_link,review_needed,web_search_draft; notes; cleanup_flags:draft_only
2,영등포/문래,보라매전자담배,서울 동작구 신길동 보라매 인근,010-9168-7640,,,,,전자담배 전문점,보라매 상권,3,4,5,12,A,1,미접촉,,공개 웹 검색 기반 초안,yes,web_search_draft,draft_only,혼합 고회전 상권,12.90,P3,Wave 3,284,Batch 11,"score 12.9, message_type1, flags:draft_only",285,01091687640,010-9168-7640,mobile_010,area_address_mismatch|cleanup:draft_only|draft_provenance_only|missing_map_link,review_needed,web_search_draft; notes; cleanup_flags:draft_only
2,영등포/문래,영등포 베이프로,서울 영등포구 영등포동,010-2157-4889,,,,,전자담배 전문점,영등포 상권,3,4,5,12,A,1,미접촉,,공개 웹 검색 기반 초안,yes,web_search_draft,draft_only,혼합 고회전 상권,12.90,P3,Wave 3,286,Batch 11,"score 12.9, message_type1, flags:draft_only",287,01021574889,010-2157-4889,mobile_010,cleanup:draft_only|draft_provenance_only|missing_map_link,review_needed,web_search_draft; notes; cleanup_flags:draft_only
2,영등포/문래,자담체인지 양평동,서울 영등포구 양평동1가,010-2061-3232,,,,,전자담배 전문점,양평/영등포 상권,3,4,5,12,A,1,미접촉,,공개 웹 검색 기반 초안,yes,web_search_draft,draft_only,혼합 고회전 상권,12.90,P3,Wave 3,287,Batch 11,"score 12.9, message_type1, flags:draft_only",288,01020613232,010-2061-3232,mobile_010,cleanup:draft_only|draft_provenance_only|missing_map_link,review_needed,web_search_draft; notes; cleanup_flags:draft_only
2,영등포/문래,타바고 영등포점,서울 영등포구 영등포동,010-4000-7744,,,,,전자담배 전문점,영등포 상권,3,4,5,12,A,1,미접촉,,공개 웹 검색 기반 초안,yes,web_search_draft,draft_only,혼합 고회전 상권,12.90,P3,Wave 3,288,Batch 11,"score 12.9, message_type1, flags:draft_only",289,01040007744,010-4000-7744,mobile_010,cleanup:draft_only|draft_provenance_only|missing_map_link,review_needed,web_search_draft; notes; cleanup_flags:draft_only
2,영등포/문래,하카전자담배 당산점,서울 영등포구 당산동,010-6872-1107,,,,,전자담배 전문점,당산 상권,3,4,5,12,A,1,미접촉,,공개 웹 검색 기반 초안,yes,web_search_draft,draft_only,혼합 고회전 상권,12.90,P3,Wave 3,289,Batch 11,"score 12.9, message_type1, flags:draft_only",290,01068721107,010-6872-1107,mobile_010,cleanup:draft_only|draft_provenance_only|missing_map_link,review_needed,web_search_draft; notes; cleanup_flags:draft_only
2,영등포/문래,하카전자담배 영등포점,서울 영등포구 영등포동,010-5403-1721,,,,,전자담배 전문점,영등포 상권,3,4,5,12,A,1,미접촉,,공개 웹 검색 기반 초안,yes,web_search_draft,draft_only,혼합 고회전 상권,12.90,P3,Wave 3,290,Batch 11,"score 12.9, message_type1, flags:draft_only",291,01054031721,010-5403-1721,mobile_010,cleanup:draft_only|draft_provenance_only|missing_map_link,review_needed,web_search_draft; notes; cleanup_flags:draft_only
2,잠실/송리단길,너구리전자담배 오금점,서울 송파구 마천로 68 1층,010-2798-0511,,,,,전자담배 전문점,오금 상권,3,4,5,12,A,1,미접촉,,공개 웹 검색 기반 초안,yes,web_search_draft,draft_only,혼합 고회전 상권,12.90,P3,Wave 3,291,Batch 11,"score 12.9, message_type1, flags:draft_only",292,01027980511,010-2798-0511,mobile_010,cleanup:draft_only|draft_provenance_only|missing_map_link,review_needed,web_search_draft; notes; cleanup_flags:draft_only
2,잠실/송리단길,찰리전자담배 오금동점,서울 송파구 마천로 190 청전빌딩 1층 103호,010-9386-5950,,,,,전자담배 전문점,오금 상권,3,4,5,12,A,1,미접촉,,공개 웹 검색 기반 초안,yes,web_search_draft,draft_only,혼합 고회전 상권,12.90,P3,Wave 3,292,Batch 11,"score 12.9, message_type1, flags:draft_only",293,01093865950,010-9386-5950,mobile_010,cleanup:draft_only|draft_provenance_only|missing_map_link,review_needed,web_search_draft; notes; cleanup_flags:draft_only
2,종로/을지로/충무로,동묘토네이도 창신동,서울 종로구 창신동,010-6378-0168,,,,,전자담배 전문점,동묘/창신 상권,3,4,5,12,A,1,미접촉,,공개 웹 검색 기반 초안,yes,web_search_draft,draft_only,혼합 고회전 상권,12.90,P3,Wave 3,293,Batch 11,"score 12.9, message_type1, flags:draft_only",294,01063780168,010-6378-0168,mobile_010,cleanup:draft_only|draft_provenance_only|missing_map_link,review_needed,web_search_draft; notes; cleanup_flags:draft_only
2,종로/을지로/충무로,에어베이프 연희동,서울 서대문구 연희로 114 1층,010-7519-7639,,,,,전자담배 전문점,연희 상권,3,4,5,12,A,1,미접촉,,공개 웹 검색 기반 초안,yes,web_search_draft,draft_only,혼합 고회전 상권,12.90,P3,Wave 3,294,Batch 11,"score 12.9, message_type1, flags:draft_only",295,01075197639,010-7519-7639,mobile_010,area_address_mismatch|cleanup:draft_only|draft_provenance_only|missing_map_link,review_needed,web_search_draft; notes; cleanup_flags:draft_only
2,종로/을지로/충무로,전자담배 충정로,서울 서대문구 충정로 73 1층,010-4599-9317,,,,,전자담배 전문점,충정로 상권,3,4,5,12,A,1,미접촉,,공개 웹 검색 기반 초안,yes,web_search_draft,draft_only,혼합 고회전 상권,12.90,P3,Wave 3,295,Batch 11,"score 12.9, message_type1, flags:draft_only",296,01045999317,010-4599-9317,mobile_010,area_address_mismatch|cleanup:draft_only|draft_provenance_only|missing_map_link,review_needed,web_search_draft; notes; cleanup_flags:draft_only
3,구로디지털단지,구로전자담배 샤파밍기샵,서울 구로구 도림천로 446,010-4850-8540,,,,,전자담배 전문점,구로 상권,3,4,5,12,A,1,미접촉,,공개 웹 검색 기반 초안,yes,web_search_draft,draft_only,혼합 고회전 상권,12.20,P3,Wave 3,296,Batch 11,"score 12.2, message_type1, flags:draft_only",297,01048508540,010-4850-8540,mobile_010,cleanup:draft_only|draft_provenance_only|missing_map_link,review_needed,web_search_draft; notes; cleanup_flags:draft_only
3,구로디지털단지,금천전자담배프라자,서울 금천구 독산동,010-2224-2527,,,,,전자담배 전문점,독산 상권,3,4,5,12,A,1,미접촉,,공개 웹 검색 기반 초안,yes,web_search_draft,draft_only,혼합 고회전 상권,12.20,P3,Wave 3,297,Batch 11,"score 12.2, message_type1, flags:draft_only",298,01022242527,010-2224-2527,mobile_010,cleanup:draft_only|draft_provenance_only|missing_map_link,review_needed,web_search_draft; notes; cleanup_flags:draft_only
3,구로디지털단지,돛대전자담배 독산,서울 금천구 독산로 주변,010-2654-6016,,,,,전자담배 전문점,독산 상권,3,4,5,12,A,1,미접촉,,공개 웹 검색 기반 초안,yes,web_search_draft,draft_only,혼합 고회전 상권,12.20,P3,Wave 3,298,Batch 11,"score 12.2, message_type1, flags:draft_only",299,01026546016,010-2654-6016,mobile_010,cleanup:draft_only|draft_provenance_only|missing_map_link,review_needed,web_search_draft; notes; cleanup_flags:draft_only
3,구로디지털단지,루프베이프 신도림,서울 구로구 경인로 643 신도림2차동아아파트 상가 1층,010-8191-3284,,,,,전자담배 전문점,신도림 상권,3,4,5,12,A,1,미접촉,,공개 웹 검색 기반 초안,yes,web_search_draft,draft_only,혼합 고회전 상권,12.20,P3,Wave 3,299,Batch 11,"score 12.2, message_type1, flags:draft_only",300,01081913284,010-8191-3284,mobile_010,cleanup:draft_only|draft_provenance_only|missing_map_link,review_needed,web_search_draft; notes; cleanup_flags:draft_only
3,구로디지털단지,마크전자담배 가산점,서울 금천구 가산동,010-8961-3375,,,,,전자담배 전문점,가산디지털 상권,3,4,5,12,A,1,미접촉,,공개 웹 검색 기반 초안,yes,web_search_draft,draft_only,혼합 고회전 상권,12.20,P3,Wave 3,300,Batch 11,"score 12.2, message_type1, flags:draft_only",301,01089613375,010-8961-3375,mobile_010,cleanup:draft_only|draft_provenance_only|missing_map_link,review_needed,web_search_draft; notes; cleanup_flags:draft_only
3,구로디지털단지,베이프큐 가산점,서울 금천구 가산동,010-4209-9954,,,,,전자담배 전문점,가산디지털 상권,3,4,5,12,A,1,미접촉,,공개 웹 검색 기반 초안,yes,web_search_draft,draft_only,혼합 고회전 상권,12.20,P3,Wave 3,301,Batch 11,"score 12.2, message_type1, flags:draft_only",302,01042099954,010-4209-9954,mobile_010,cleanup:draft_only|draft_provenance_only|missing_map_link,review_needed,web_search_draft; notes; cleanup_flags:draft_only
3,구로디지털단지,신도림 미쓰전자담배,서울 구로구 경인로 643 신도림2차동아 A상가 1층 133호,010-6624-2288,,,,,전자담배 전문점,신도림 상권,3,4,5,12,A,1,미접촉,,공개 웹 검색 기반 초안,yes,web_search_draft,draft_only,혼합 고회전 상권,12.20,P3,Wave 3,302,Batch 11,"score 12.2, message_type1, flags:draft_only",303,01066242288,010-6624-2288,mobile_010,cleanup:draft_only|draft_provenance_only|missing_map_link,review_needed,web_search_draft; notes; cleanup_flags:draft_only
3,구로디지털단지,원베이프 개봉동점,서울 구로구 경인로 320,010-5212-5995,,,,,전자담배 전문점,개봉 상권,3,4,5,12,A,1,미접촉,,공개 웹 검색 기반 초안,yes,web_search_draft,draft_only,혼합 고회전 상권,12.20,P3,Wave 3,303,Batch 11,"score 12.2, message_type1, flags:draft_only",304,01052125995,010-5212-5995,mobile_010,cleanup:draft_only|draft_provenance_only|missing_map_link,review_needed,web_search_draft; notes; cleanup_flags:draft_only
3,구로디지털단지,원타임 신도림,서울 구로구 경인로67길 23 (신도림2차푸르지오) 상가,010-2356-0059,,,,,전자담배 전문점,신도림 상권,3,4,5,12,A,1,미접촉,,공개 웹 검색 기반 초안,yes,web_search_draft,draft_only,혼합 고회전 상권,12.20,P3,Wave 3,304,Batch 11,"score 12.2, message_type1, flags:draft_only",305,01023560059,010-2356-0059,mobile_010,cleanup:draft_only|draft_provenance_only|missing_map_link,review_needed,web_search_draft; notes; cleanup_flags:draft_only
3,구로디지털단지,전자담배멀티샵 구로,서울 구로구 경인로 206 1층,010-8644-5330,,,,,전자담배 전문점,구로 상권,3,4,5,12,A,1,미접촉,,공개 웹 검색 기반 초안,yes,web_search_draft,draft_only,혼합 고회전 상권,12.20,P3,Wave 3,305,Batch 11,"score 12.2, message_type1, flags:draft_only",306,01086445330,010-8644-5330,mobile_010,cleanup:draft_only|draft_provenance_only|missing_map_link,review_needed,web_search_draft; notes; cleanup_flags:draft_only
3,구로디지털단지,키츠베이프,서울 금천구 가산동,010-2568-9378,,,,,전자담배 전문점,가산디지털 상권,3,4,5,12,A,1,미접촉,,공개 웹 검색 기반 초안,yes,web_search_draft,draft_only,혼합 고회전 상권,12.20,P3,Wave 3,306,Batch 11,"score 12.2, message_type1, flags:draft_only",307,01025689378,010-2568-9378,mobile_010,cleanup:draft_only|draft_provenance_only|missing_map_link,review_needed,web_search_draft; notes; cleanup_flags:draft_only
3,마포/공덕,마포 베이프 대흥 이지전자담배,서울 마포구 대흥동,010-8988-8563,,,,,전자담배 전문점,대흥 상권,3,4,5,12,A,1,미접촉,,기존 이지 대흥동과 동일. 중복 확인 필요; 동일 연락처 중복 병합: 이지 대흥동 | 서울 마포구 대흥동,yes,web_search_draft,merged_dup_history,혼합 고회전 상권,12.10,P3,Wave 3,307,Batch 11,"score 12.1, message_type1, flags:merged_dup_history",308,01089888563,010-8988-8563,mobile_010,cleanup:merged_dup_history|draft_provenance_only|missing_map_link,review_needed,web_search_draft; notes; cleanup_flags:merged_dup_history
3,마포/공덕,원더베이프 상암점,서울 마포구 상암동,010-4410-5595,,,,,전자담배 전문점,상암/마포 상권,3,4,5,12,A,1,미접촉,,공개 웹 검색 기반 초안; 동일 연락처 중복 병합: 원더베이프 상암 | 서울 마포구 상암동,yes,web_search_draft,merged_dup_history,혼합 고회전 상권,12.10,P3,Wave 3,308,Batch 11,"score 12.1, message_type1, flags:merged_dup_history",309,01044105595,010-4410-5595,mobile_010,cleanup:merged_dup_history|draft_provenance_only|missing_map_link,review_needed,web_search_draft; notes; cleanup_flags:merged_dup_history
2,사당/방배,전자담배 사당동,서울 동작구 사당로 258,010-3751-1283,,,,,전자담배 전문점,사당 상권,3,4,5,12,A,1,미접촉,,공개 웹 검색 기반 초안,yes,web_search_draft,draft_only,확장/생활상권,12.90,P3,Wave 3,333,Batch 12,"score 12.9, message_type1, flags:draft_only",334,01037511283,010-3751-1283,mobile_010,cleanup:draft_only|draft_provenance_only|missing_map_link,review_needed,web_search_draft; notes; cleanup_flags:draft_only
2,은평/연신내,베이퍼크루 녹번역점,서울 은평구 통일로 579 아너스카운티 1층,010-6440-3164,,,,,전자담배 전문점,녹번 상권,3,4,5,12,A,1,미접촉,,공개 웹 검색 기반 초안,yes,web_search_draft,draft_only,확장/생활상권,12.90,P3,Wave 3,338,Batch 12,"score 12.9, message_type1, flags:draft_only",339,01064403164,010-6440-3164,mobile_010,cleanup:draft_only|draft_provenance_only|missing_map_link,review_needed,web_search_draft; notes; cleanup_flags:draft_only
2,은평/연신내,오늘전자담배 은평뉴타운,서울 은평구 진관3로 21 은평뉴타운엘크루 101동 104호,010-3020-6160,,,,,전자담배 전문점,진관/은평뉴타운 상권,3,4,5,12,A,1,미접촉,,공개 웹 검색 기반 초안,yes,web_search_draft,draft_only,확장/생활상권,12.90,P3,Wave 3,339,Batch 12,"score 12.9, message_type1, flags:draft_only",340,01030206160,010-3020-6160,mobile_010,cleanup:draft_only|draft_provenance_only|missing_map_link,review_needed,web_search_draft; notes; cleanup_flags:draft_only
2,은평/연신내,은평전자담배,서울 은평구 통일로 738-2 (불광동) 경인에버빌 1층,010-4368-2378,,,,,전자담배 전문점,불광 상권,3,4,5,12,A,1,미접촉,,공개 웹 검색 기반 초안,yes,web_search_draft,draft_only,확장/생활상권,12.90,P3,Wave 3,340,Batch 12,"score 12.9, message_type1, flags:draft_only",341,01043682378,010-4368-2378,mobile_010,cleanup:draft_only|draft_provenance_only|missing_map_link,review_needed,web_search_draft; notes; cleanup_flags:draft_only
2,은평/연신내,응암전자담배,서울 은평구 응암로12길 14 1층,010-5272-2950,,,,,전자담배 전문점,응암 상권,3,4,5,12,A,1,미접촉,,공개 웹 검색 기반 초안,yes,web_search_draft,draft_only,확장/생활상권,12.90,P3,Wave 3,341,Batch 12,"score 12.9, message_type1, flags:draft_only",342,01052722950,010-5272-2950,mobile_010,cleanup:draft_only|draft_provenance_only|missing_map_link,review_needed,web_search_draft; notes; cleanup_flags:draft_only
2,은평/연신내,베이프247 은평,서울 은평구 증산로 413 동현빌딩 104호,010-4090-9136,,,,,전자담배 전문점,은평 상권,3,4,5,12,A,2,미접촉,,공개 웹 검색 기반 초안,yes,web_search_draft,draft_only,확장/생활상권,12.50,P3,Wave 3,347,Batch 12,"score 12.5, flags:draft_only",348,01040909136,010-4090-9136,mobile_010,cleanup:draft_only|draft_provenance_only|missing_map_link,review_needed,web_search_draft; notes; cleanup_flags:draft_only
3,도봉/창동,라미야 쌍문점,서울 도봉구 창동 659-12 청우빌딩 3층,010-5858-7917,https://m.martha-vape.com/bs21/layout/map_store2.html,,,,전자담배 전문점,쌍문/창동 상권,3,4,5,12,A,2,미접촉,,공개 웹 검색 기반 초안; 동일 연락처 중복 병합: 라미야 쌍문역점 | 서울 도봉구 도봉로 484 청우빌딩 3층,yes,linked_source,merged_dup_history,확장/생활상권,12.40,P3,Wave 3,349,Batch 12,"score 12.4, linked source, flags:merged_dup_history",350,01058587917,010-5858-7917,mobile_010,cleanup:merged_dup_history,review_needed,linked_source; map_link; notes; cleanup_flags:merged_dup_history
3,강서/마곡,다니엘코리아 까치산역점,서울 강서구 까치산역,010-5246-3118,,,,,전자담배 전문점,까치산 상권,3,4,5,12,A,1,미접촉,,공개 웹 검색 기반 초안,yes,web_search_draft,draft_only,확장/생활상권,12.20,P3,Wave 3,352,Batch 12,"score 12.2, message_type1, flags:draft_only",353,01052463118,010-5246-3118,mobile_010,cleanup:draft_only|draft_provenance_only|missing_map_link,review_needed,web_search_draft; notes; cleanup_flags:draft_only
3,강서/마곡,모닉스전자담배,서울 강서구 가양동,010-3557-3555,,,,,전자담배 전문점,가양 상권,3,4,5,12,A,1,미접촉,,공개 웹 검색 기반 초안,yes,web_search_draft,draft_only,확장/생활상권,12.20,P3,Wave 3,353,Batch 12,"score 12.2, message_type1, flags:draft_only",354,01035573555,010-3557-3555,mobile_010,cleanup:draft_only|draft_provenance_only|missing_map_link,review_needed,web_search_draft; notes; cleanup_flags:draft_only
3,강서/마곡,베이프존 등촌점,서울 강서구 등촌동,010-5388-8732,,,,,전자담배 전문점,등촌 상권,3,4,5,12,A,1,미접촉,,공개 웹 검색 기반 초안,yes,web_search_draft,draft_only,확장/생활상권,12.20,P3,Wave 3,354,Batch 12,"score 12.2, message_type1, flags:draft_only",355,01053888732,010-5388-8732,mobile_010,cleanup:draft_only|draft_provenance_only|missing_map_link,review_needed,web_search_draft; notes; cleanup_flags:draft_only
3,강서/마곡,전자담배 강서로,서울 강서구 강서로 426 효성인텔리안 103호,010-8799-1546,,,,,전자담배 전문점,강서 상권,3,4,5,12,A,1,미접촉,,공개 웹 검색 기반 초안,yes,web_search_draft,draft_only,확장/생활상권,12.20,P3,Wave 3,355,Batch 12,"score 12.2, message_type1, flags:draft_only",356,01087991546,010-8799-1546,mobile_010,cleanup:draft_only|draft_provenance_only|missing_map_link,review_needed,web_search_draft; notes; cleanup_flags:draft_only
3,강서/마곡,파파베이퍼스 마곡,서울 강서구 마곡중앙6로 11 (마곡동) 보타닉파크타워3 지하1층 113호,010-8917-4246,,,,,전자담배 전문점,마곡 오피스상권,3,4,5,12,A,1,미접촉,,공개 웹 검색 기반 초안,yes,web_search_draft,draft_only,확장/생활상권,12.20,P3,Wave 3,356,Batch 12,"score 12.2, message_type1, flags:draft_only",357,01089174246,010-8917-4246,mobile_010,cleanup:draft_only|draft_provenance_only|missing_map_link,review_needed,web_search_draft; notes; cleanup_flags:draft_only
3,노원,베이핑크루 상계점,서울 노원구 상계동 1118-17 1층,010-9288-8558,,,,,전자담배 전문점,상계 상권,3,4,5,12,A,1,미접촉,,공개 웹 검색 기반 초안,yes,web_search_draft,draft_only,확장/생활상권,12.20,P3,Wave 3,357,Batch 12,"score 12.2, message_type1, flags:draft_only",358,01092888558,010-9288-8558,mobile_010,cleanup:draft_only|draft_provenance_only|missing_map_link,review_needed,web_search_draft; notes; cleanup_flags:draft_only
3,노원,시가K 노원전자담배,서울 노원구 상계동,010-6468-4578,,,,,전자담배 전문점,노원 상권,3,4,5,12,A,1,미접촉,,공개 웹 검색 기반 초안,yes,web_search_draft,draft_only,확장/생활상권,12.20,P3,Wave 3,358,Batch 12,"score 12.2, message_type1, flags:draft_only",359,01064684578,010-6468-4578,mobile_010,cleanup:draft_only|draft_provenance_only|missing_map_link,review_needed,web_search_draft; notes; cleanup_flags:draft_only
3,노원,양양베이프 월계점,서울 노원구 월계동,010-4191-1387,,,,,전자담배 전문점,월계 상권,3,4,5,12,A,1,미접촉,,공개 웹 검색 기반 초안,yes,web_search_draft,draft_only,확장/생활상권,12.20,P3,Wave 3,359,Batch 12,"score 12.2, message_type1, flags:draft_only",360,01041911387,010-4191-1387,mobile_010,cleanup:draft_only|draft_provenance_only|missing_map_link,review_needed,web_search_draft; notes; cleanup_flags:draft_only
3,도봉/창동,GV전자담배 그린베이퍼,서울 도봉구 덕릉로 228 (창동) 1층,010-7494-7894,,,,,전자담배 전문점,창동 상권,3,4,5,12,A,1,미접촉,,공개 웹 검색 기반 초안,yes,web_search_draft,draft_only,확장/생활상권,12.20,P3,Wave 3,360,Batch 12,"score 12.2, message_type1, flags:draft_only",361,01074947894,010-7494-7894,mobile_010,cleanup:draft_only|draft_provenance_only|missing_map_link,review_needed,web_search_draft; notes; cleanup_flags:draft_only
3,도봉/창동,전자담배 도봉로,서울 도봉구 도봉로145길 39 1층,010-3085-3898,,,,,전자담배 전문점,방학 상권,3,4,5,12,A,1,미접촉,,공개 웹 검색 기반 초안,yes,web_search_draft,draft_only,확장/생활상권,12.20,P3,Wave 3,361,Batch 12,"score 12.2, message_type1, flags:draft_only",362,01030853898,010-3085-3898,mobile_010,cleanup:draft_only|draft_provenance_only|missing_map_link,review_needed,web_search_draft; notes; cleanup_flags:draft_only
3,도봉/창동,포베이프,서울 도봉구 마들로11길 57 (창동),010-4727-4569,,,,,전자담배 전문점,창동 상권,3,4,5,12,A,1,미접촉,,공개 웹 검색 기반 초안,yes,web_search_draft,draft_only,확장/생활상권,12.20,P3,Wave 3,362,Batch 12,"score 12.2, message_type1, flags:draft_only",363,01047274569,010-4727-4569,mobile_010,cleanup:draft_only|draft_provenance_only|missing_map_link,review_needed,web_search_draft; notes; cleanup_flags:draft_only
3,도봉/창동,헤이즈베이프,서울 도봉구 도봉로 502 (창동),010-9899-9141,,,,,전자담배 전문점,창동 상권,3,4,5,12,A,1,미접촉,,공개 웹 검색 기반 초안,yes,web_search_draft,draft_only,확장/생활상권,12.20,P3,Wave 3,363,Batch 12,"score 12.2, message_type1, flags:draft_only",364,01098999141,010-9899-9141,mobile_010,cleanup:draft_only|draft_provenance_only|missing_map_link,review_needed,web_search_draft; notes; cleanup_flags:draft_only
3,동대문/청량리,답십리전자담배몰,서울 동대문구 천호대로 307 클래식타워 1층 108호,010-7328-9523,,,,,전자담배 전문점,답십리 상권,3,4,5,12,A,1,미접촉,,공개 웹 검색 기반 초안,yes,web_search_draft,draft_only,확장/생활상권,12.20,P3,Wave 3,364,Batch 12,"score 12.2, message_type1, flags:draft_only",365,01073289523,010-7328-9523,mobile_010,cleanup:draft_only|draft_provenance_only|missing_map_link,review_needed,web_search_draft; notes; cleanup_flags:draft_only
3,목동/오목교,목동 베이프타운,서울 양천구 목동,010-7236-9693,,,,,전자담배 전문점,목동 상권,3,4,5,12,A,1,미접촉,,공개 웹 검색 기반 초안,yes,web_search_draft,draft_only,확장/생활상권,12.20,P3,Wave 3,365,Batch 12,"score 12.2, message_type1, flags:draft_only",366,01072369693,010-7236-9693,mobile_010,cleanup:draft_only|draft_provenance_only|missing_map_link,review_needed,web_search_draft; notes; cleanup_flags:draft_only
3,사당/방배,노량진전자담배,서울 동작구 만양로 40 1층,010-2093-8783,,,,,전자담배 전문점,노량진 상권,3,4,5,12,A,1,미접촉,,공개 웹 검색 기반 초안,yes,web_search_draft,draft_only,확장/생활상권,12.20,P3,Wave 3,366,Batch 12,"score 12.2, message_type1, flags:draft_only",367,01020938783,010-2093-8783,mobile_010,cleanup:draft_only|draft_provenance_only|missing_map_link,review_needed,web_search_draft; notes; cleanup_flags:draft_only
3,사당/방배,베이퍼스 방배점,서울 서초구 방배동,010-4484-5600,,,,,전자담배 전문점,방배 상권,3,4,5,12,A,1,미접촉,,공개 웹 검색 기반 초안,yes,web_search_draft,draft_only,확장/생활상권,12.20,P3,Wave 3,367,Batch 12,"score 12.2, message_type1, flags:draft_only",368,01044845600,010-4484-5600,mobile_010,cleanup:draft_only|draft_provenance_only|missing_map_link,review_needed,web_search_draft; notes; cleanup_flags:draft_only
3,사당/방배,비글전자담배 방배점,서울 서초구 방배동,010-6774-2908,,,,,전자담배 전문점,방배 상권,3,4,5,12,A,1,미접촉,,공개 웹 검색 기반 초안,yes,web_search_draft,draft_only,확장/생활상권,12.20,P3,Wave 3,368,Batch 12,"score 12.2, message_type1, flags:draft_only",369,01067742908,010-6774-2908,mobile_010,cleanup:draft_only|draft_provenance_only|missing_map_link,review_needed,web_search_draft; notes; cleanup_flags:draft_only
3,사당/방배,시가로 전자담배 노량진점,서울 동작구 노량진로 162 한주실업 1층,010-9979-9959,,,,,전자담배 전문점,노량진 상권,3,4,5,12,A,1,미접촉,,공개 웹 검색 기반 초안,yes,web_search_draft,draft_only,확장/생활상권,12.20,P3,Wave 3,369,Batch 12,"score 12.2, message_type1, flags:draft_only",370,01099799959,010-9979-9959,mobile_010,cleanup:draft_only|draft_provenance_only|missing_map_link,review_needed,web_search_draft; notes; cleanup_flags:draft_only
3,사당/방배,전자담배 상도동,서울 동작구 상도로15길 92 태원 1층,010-9422-9547,,,,,전자담배 전문점,상도 상권,3,4,5,12,A,1,미접촉,,공개 웹 검색 기반 초안,yes,web_search_draft,draft_only,확장/생활상권,12.20,P3,Wave 3,370,Batch 12,"score 12.2, message_type1, flags:draft_only",371,01094229547,010-9422-9547,mobile_010,cleanup:draft_only|draft_provenance_only|missing_map_link,review_needed,web_search_draft; notes; cleanup_flags:draft_only
3,서울대입구/샤로수길,낙성대 전자담배 멀티샵,서울 관악구 인헌2길 13 (봉천동) 1층,010-9155-9845,,,,,전자담배 전문점,낙성대 상권,3,4,5,12,A,1,미접촉,,공개 웹 검색 기반 초안,yes,web_search_draft,draft_only,확장/생활상권,12.20,P3,Wave 3,371,Batch 12,"score 12.2, message_type1, flags:draft_only",372,01091559845,010-9155-9845,mobile_010,cleanup:draft_only|draft_provenance_only|missing_map_link,review_needed,web_search_draft; notes; cleanup_flags:draft_only
3,서초/양재,강남베이퍼스,서울 서초구 서초동,010-2573-0748,,,,,전자담배 전문점,서초 상권,3,4,5,12,A,1,미접촉,,공개 웹 검색 기반 초안,yes,web_search_draft,draft_only,확장/생활상권,12.20,P3,Wave 3,372,Batch 12,"score 12.2, message_type1, flags:draft_only",373,01025730748,010-2573-0748,mobile_010,cleanup:draft_only|draft_provenance_only|missing_map_link,review_needed,web_search_draft; notes; cleanup_flags:draft_only
3,서초/양재,서초스타전자담배,서울 서초구 방배동 인근,010-8820-6536,,,,,전자담배 전문점,서초/방배 상권,3,4,5,12,A,1,미접촉,,공개 웹 검색 기반 초안,yes,web_search_draft,draft_only,확장/생활상권,12.20,P3,Wave 3,373,Batch 12,"score 12.2, message_type1, flags:draft_only",374,01088206536,010-8820-6536,mobile_010,cleanup:draft_only|draft_provenance_only|missing_map_link,review_needed,web_search_draft; notes; cleanup_flags:draft_only
3,서초/양재,원더베이프 서초점,서울 서초구 서초동,010-8562-5512,,,,,전자담배 전문점,서초 상권,3,4,5,12,A,1,미접촉,,공개 웹 검색 기반 초안,yes,web_search_draft,draft_only,확장/생활상권,12.20,P3,Wave 3,374,Batch 12,"score 12.2, message_type1, flags:draft_only",375,01085625512,010-8562-5512,mobile_010,cleanup:draft_only|draft_provenance_only|missing_map_link,review_needed,web_search_draft; notes; cleanup_flags:draft_only
3,성북/길음,듀바코 성북점,서울 성북구 동선동5가,010-4594-9227,,,,,전자담배 전문점,성북 상권,3,4,5,12,A,1,미접촉,,공개 웹 검색 기반 초안,yes,web_search_draft,draft_only,확장/생활상권,12.20,P3,Wave 3,375,Batch 12,"score 12.2, message_type1, flags:draft_only",376,01045949227,010-4594-9227,mobile_010,cleanup:draft_only|draft_provenance_only|missing_map_link,review_needed,web_search_draft; notes; cleanup_flags:draft_only
3,성북/길음,베이퍼크루 길음점,서울 성북구 길음동,010-7352-7250,,,,,전자담배 전문점,길음 상권,3,4,5,12,A,1,미접촉,,공개 웹 검색 기반 초안,yes,web_search_draft,draft_only,확장/생활상권,12.20,P3,Wave 3,376,Batch 12,"score 12.2, message_type1, flags:draft_only",377,01073527250,010-7352-7250,mobile_010,cleanup:draft_only|draft_provenance_only|missing_map_link,review_needed,web_search_draft; notes; cleanup_flags:draft_only
3,성북/길음,성북 더베이프,서울 성북구 안암동,010-2624-5262,,,,,전자담배 전문점,안암/고대 상권,3,4,5,12,A,1,미접촉,,공개 웹 검색 기반 초안,yes,web_search_draft,draft_only,확장/생활상권,12.20,P3,Wave 3,377,Batch 12,"score 12.2, message_type1, flags:draft_only",378,01026245262,010-2624-5262,mobile_010,cleanup:draft_only|draft_provenance_only|missing_map_link,review_needed,web_search_draft; notes; cleanup_flags:draft_only
3,성북/길음,전담있슈 하월곡,서울 성북구 하월곡동,010-8720-9660,,,,,전자담배 전문점,하월곡 상권,3,4,5,12,A,1,미접촉,,공개 웹 검색 기반 초안,yes,web_search_draft,draft_only,확장/생활상권,12.20,P3,Wave 3,378,Batch 12,"score 12.2, message_type1, flags:draft_only",379,01087209660,010-8720-9660,mobile_010,cleanup:draft_only|draft_provenance_only|missing_map_link,review_needed,web_search_draft; notes; cleanup_flags:draft_only
3,수유/미아,베이퍼스 미아점,서울 강북구 미아동,010-4710-1822,,,,,전자담배 전문점,미아 상권,3,4,5,12,A,1,미접촉,,공개 웹 검색 기반 초안,yes,web_search_draft,draft_only,확장/생활상권,12.20,P3,Wave 3,379,Batch 12,"score 12.2, message_type1, flags:draft_only",380,01047101822,010-4710-1822,mobile_010,cleanup:draft_only|draft_provenance_only|missing_map_link,review_needed,web_search_draft; notes; cleanup_flags:draft_only
3,수유/미아,베이핑클럽 수유,서울 강북구 수유동,010-8497-0524,,,,,전자담배 전문점,수유 상권,3,4,5,12,A,1,미접촉,,공개 웹 검색 기반 초안,yes,web_search_draft,draft_only,확장/생활상권,12.20,P3,Wave 3,380,Batch 12,"score 12.2, message_type1, flags:draft_only",381,01084970524,010-8497-0524,mobile_010,cleanup:draft_only|draft_provenance_only|missing_map_link,review_needed,web_search_draft; notes; cleanup_flags:draft_only
3,수유/미아,베이핑하우스,서울 강북구 수유동,010-5821-5200,,,,,전자담배 전문점,수유 상권,3,4,5,12,A,1,미접촉,,공개 웹 검색 기반 초안,yes,web_search_draft,draft_only,확장/생활상권,12.20,P3,Wave 3,381,Batch 12,"score 12.2, message_type1, flags:draft_only",382,01058215200,010-5821-5200,mobile_010,cleanup:draft_only|draft_provenance_only|missing_map_link,review_needed,web_search_draft; notes; cleanup_flags:draft_only
3,신림,관악봉천동 전자담배,서울 관악구 남부순환로 1820 (봉천동) 지하1층 1057,010-8718-7820,,,,,전자담배 전문점,봉천 상권,3,4,5,12,A,1,미접촉,,공개 웹 검색 기반 초안,yes,web_search_draft,draft_only,확장/생활상권,12.20,P3,Wave 3,382,Batch 12,"score 12.2, message_type1, flags:draft_only",383,01087187820,010-8718-7820,mobile_010,cleanup:draft_only|draft_provenance_only|missing_map_link,review_needed,web_search_draft; notes; cleanup_flags:draft_only
3,신림,다니엘코리아 관악점,서울 관악구 신림로 340 (신림동) 르네상스쇼핑몰 1층 34호,010-5332-2278,,,,,전자담배 전문점,신림 상권,3,4,5,12,A,1,미접촉,,공개 웹 검색 기반 초안,yes,web_search_draft,draft_only,확장/생활상권,12.20,P3,Wave 3,383,Batch 12,"score 12.2, message_type1, flags:draft_only",384,01053322278,010-5332-2278,mobile_010,cleanup:draft_only|draft_provenance_only|missing_map_link,review_needed,web_search_draft; notes; cleanup_flags:draft_only
3,신림,베이프갱스터 관악점,서울 관악구 봉천로 216 (신림동),010-4949-5973,,,,,전자담배 전문점,신림 상권,3,4,5,12,A,1,미접촉,,공개 웹 검색 기반 초안,yes,web_search_draft,draft_only,확장/생활상권,12.20,P3,Wave 3,384,Batch 12,"score 12.2, message_type1, flags:draft_only",385,01049495973,010-4949-5973,mobile_010,cleanup:draft_only|draft_provenance_only|missing_map_link,review_needed,web_search_draft; notes; cleanup_flags:draft_only
3,신림,베이프렌드 서울대입구역점,서울 관악구 관악로 167 1층 (봉천동),010-3707-5345,,,,,전자담배 전문점,서울대입구 상권,3,4,5,12,A,1,미접촉,,공개 웹 검색 기반 초안,yes,web_search_draft,draft_only,확장/생활상권,12.20,P3,Wave 3,385,Batch 12,"score 12.2, message_type1, flags:draft_only",386,01037075345,010-3707-5345,mobile_010,cleanup:draft_only|draft_provenance_only|missing_map_link,review_needed,web_search_draft; notes; cleanup_flags:draft_only
3,신림,신림전자담배,서울 관악구 신림동,010-6402-1036,,,,,전자담배 전문점,신림 상권,3,4,5,12,A,1,미접촉,,공개 웹 검색 기반 초안,yes,web_search_draft,draft_only,확장/생활상권,12.20,P3,Wave 3,386,Batch 12,"score 12.2, message_type1, flags:draft_only",387,01064021036,010-6402-1036,mobile_010,cleanup:draft_only|draft_provenance_only|missing_map_link,review_needed,web_search_draft; notes; cleanup_flags:draft_only
3,신림,신림전자담배 멀티샵2,서울 관악구 신림동,010-8580-8240,,,,,전자담배 전문점,신림 상권,3,4,5,12,A,1,미접촉,,공개 웹 검색 기반 초안,yes,web_search_draft,draft_only,확장/생활상권,12.20,P3,Wave 3,387,Batch 12,"score 12.2, message_type1, flags:draft_only",388,01085808240,010-8580-8240,mobile_010,cleanup:draft_only|draft_provenance_only|missing_map_link,review_needed,web_search_draft; notes; cleanup_flags:draft_only
3,신림,판다전자담배 신림점,서울 관악구 신림로 126,010-2217-3437,,,,,전자담배 전문점,신림 상권,3,4,5,12,A,1,미접촉,,공개 웹 검색 기반 초안,yes,web_search_draft,draft_only,확장/생활상권,12.20,P3,Wave 3,388,Batch 12,"score 12.2, message_type1, flags:draft_only",389,01022173437,010-2217-3437,mobile_010,cleanup:draft_only|draft_provenance_only|missing_map_link,review_needed,web_search_draft; notes; cleanup_flags:draft_only
3,중랑/면목,베이프살롱 중랑점,서울 중랑구 중랑역로 199 (묵동) 1층,010-3168-1252,,,,,전자담배 전문점,중랑 상권,3,4,5,12,A,1,미접촉,,공개 웹 검색 기반 초안,yes,web_search_draft,draft_only,확장/생활상권,12.20,P3,Wave 3,389,Batch 12,"score 12.2, message_type1, flags:draft_only",390,01031681252,010-3168-1252,mobile_010,cleanup:draft_only|draft_provenance_only|missing_map_link,review_needed,web_search_draft; notes; cleanup_flags:draft_only
3,중랑/면목,베이프엔젤 면목동,서울 중랑구 면목동,010-2467-3318,,,,,전자담배 전문점,면목 상권,3,4,5,12,A,1,미접촉,,공개 웹 검색 기반 초안,yes,web_search_draft,draft_only,확장/생활상권,12.20,P3,Wave 3,390,Batch 12,"score 12.2, message_type1, flags:draft_only",391,01024673318,010-2467-3318,mobile_010,cleanup:draft_only|draft_provenance_only|missing_map_link,review_needed,web_search_draft; notes; cleanup_flags:draft_only
3,중랑/면목,베이프파크,서울 중랑구 면목동,010-8777-4369,,,,,전자담배 전문점,면목 상권,3,4,5,12,A,1,미접촉,,공개 웹 검색 기반 초안,yes,web_search_draft,draft_only,확장/생활상권,12.20,P3,Wave 3,391,Batch 12,"score 12.2, message_type1, flags:draft_only",392,01087774369,010-8777-4369,mobile_010,cleanup:draft_only|draft_provenance_only|missing_map_link,review_needed,web_search_draft; notes; cleanup_flags:draft_only
3,중랑/면목,베이핑크루 중랑,서울 중랑구 동일로151길 18,010-9426-7482,,,,,전자담배 전문점,중랑 상권,3,4,5,12,A,1,미접촉,,공개 웹 검색 기반 초안,yes,web_search_draft,draft_only,확장/생활상권,12.20,P3,Wave 3,392,Batch 12,"score 12.2, message_type1, flags:draft_only",393,01094267482,010-9426-7482,mobile_010,cleanup:draft_only|draft_provenance_only|missing_map_link,review_needed,web_search_draft; notes; cleanup_flags:draft_only
3,중랑/면목,사가정전자담배 멀티샵,서울 중랑구 사가정로 370 (면목동) 1층,010-8961-6258,,,,,전자담배 전문점,면목/사가정 상권,3,4,5,12,A,1,미접촉,,공개 웹 검색 기반 초안,yes,web_search_draft,draft_only,확장/생활상권,12.20,P3,Wave 3,393,Batch 12,"score 12.2, message_type1, flags:draft_only",394,01089616258,010-8961-6258,mobile_010,cleanup:draft_only|draft_provenance_only|missing_map_link,review_needed,web_search_draft; notes; cleanup_flags:draft_only
3,중랑/면목,스카이전자담배,서울 중랑구 동일로 829 강오주상복합 102호,010-6399-2323,,,,,전자담배 전문점,중랑 상권,3,4,5,12,A,1,미접촉,,공개 웹 검색 기반 초안,yes,web_search_draft,draft_only,확장/생활상권,12.20,P3,Wave 3,394,Batch 12,"score 12.2, message_type1, flags:draft_only",395,01063992323,010-6399-2323,mobile_010,cleanup:draft_only|draft_provenance_only|missing_map_link,review_needed,web_search_draft; notes; cleanup_flags:draft_only
3,중랑/면목,크로시가전자담배 면목,서울 중랑구 면목동,010-2225-7304,,,,,전자담배 전문점,면목 상권,3,4,5,12,A,1,미접촉,,공개 웹 검색 기반 초안,yes,web_search_draft,draft_only,확장/생활상권,12.20,P3,Wave 3,395,Batch 12,"score 12.2, message_type1, flags:draft_only",396,01022257304,010-2225-7304,mobile_010,cleanup:draft_only|draft_provenance_only|missing_map_link,review_needed,web_search_draft; notes; cleanup_flags:draft_only
3,천호/강동,굽은다리전자담배 JMI,서울 강동구 길동,010-9915-9823,,,,,전자담배 전문점,길동 상권,3,4,5,12,A,1,미접촉,,공개 웹 검색 기반 초안,yes,web_search_draft,draft_only,확장/생활상권,12.20,P3,Wave 3,396,Batch 12,"score 12.2, message_type1, flags:draft_only",397,01099159823,010-9915-9823,mobile_010,cleanup:draft_only|draft_provenance_only|missing_map_link,review_needed,web_search_draft; notes; cleanup_flags:draft_only
3,천호/강동,미키젠 길동,서울 강동구 길동,010-9377-9077,,,,,전자담배 전문점,길동 상권,3,4,5,12,A,1,미접촉,,공개 웹 검색 기반 초안,yes,web_search_draft,draft_only,확장/생활상권,12.20,P3,Wave 3,397,Batch 12,"score 12.2, message_type1, flags:draft_only",398,01093779077,010-9377-9077,mobile_010,cleanup:draft_only|draft_provenance_only|missing_map_link,review_needed,web_search_draft; notes; cleanup_flags:draft_only
3,천호/강동,에픽우즈 천호,서울 강동구 천호동,010-8735-6520,,,,,전자담배 전문점,천호 상권,3,4,5,12,A,1,미접촉,,공개 웹 검색 기반 초안,yes,web_search_draft,draft_only,확장/생활상권,12.20,P3,Wave 3,398,Batch 12,"score 12.2, message_type1, flags:draft_only",399,01087356520,010-8735-6520,mobile_010,cleanup:draft_only|draft_provenance_only|missing_map_link,review_needed,web_search_draft; notes; cleanup_flags:draft_only
3,천호/강동,쿨베이핑전자담배길동점,서울 강동구 길동,010-4833-0852,,,,,전자담배 전문점,길동 상권,3,4,5,12,A,1,미접촉,,공개 웹 검색 기반 초안,yes,web_search_draft,draft_only,확장/생활상권,12.20,P3,Wave 3,399,Batch 12,"score 12.2, message_type1, flags:draft_only",400,01048330852,010-4833-0852,mobile_010,cleanup:draft_only|draft_provenance_only|missing_map_link,review_needed,web_search_draft; notes; cleanup_flags:draft_only
3,천호/강동,하카전자담배강동점,서울 강동구 천호동,010-3725-2851,,,,,전자담배 전문점,천호 상권,3,4,5,12,A,1,미접촉,,공개 웹 검색 기반 초안,yes,web_search_draft,draft_only,확장/생활상권,12.20,P3,Wave 3,400,Batch 12,"score 12.2, message_type1, flags:draft_only",401,01037252851,010-3725-2851,mobile_010,cleanup:draft_only|draft_provenance_only|missing_map_link,review_needed,web_search_draft; notes; cleanup_flags:draft_only
3,강서/마곡,구름전자 강서 가로공원로,서울 강서구 가로공원로 217 (화곡동),010-8361-9094,,,,,전자담배 전문점,화곡 상권,3,4,5,12,A,1,미접촉,,공개 웹 검색 기반 초안; 동일 연락처 중복 병합: 구름전자 강서본점 | 서울 강서구 화곡동,yes,web_search_draft,merged_dup_history,확장/생활상권,12.10,P3,Wave 3,401,Batch 12,"score 12.1, message_type1, flags:merged_dup_history",402,01083619094,010-8361-9094,mobile_010,cleanup:merged_dup_history|draft_provenance_only|missing_map_link,review_needed,web_search_draft; notes; cleanup_flags:merged_dup_history
3,동대문/청량리,전자담배 화성골드빌라,서울 동대문구 답십리로66길 115 화성골드빌라트 1층,010-8608-1607,,,,,전자담배 전문점,답십리 상권,3,4,5,12,A,1,미접촉,,공개 웹 검색 기반 초안; 동일 연락처 중복 병합: 하카 전자담배 답십리 | 서울 동대문구 답십리 주변,yes,web_search_draft,merged_dup_history,확장/생활상권,12.10,P3,Wave 3,402,Batch 12,"score 12.1, message_type1, flags:merged_dup_history",403,01086081607,010-8608-1607,mobile_010,cleanup:merged_dup_history|draft_provenance_only|missing_map_link,review_needed,web_search_draft; notes; cleanup_flags:merged_dup_history
3,목동/오목교,자이언트바바 양천,서울 양천구 신월로,010-4534-5293,,,,,전자담배 전문점,양천 상권,3,4,5,12,A,2,미접촉,,공개 웹 검색 기반 초안,yes,web_search_draft,draft_only,확장/생활상권,11.80,P3,Wave 3,403,Batch 12,"score 11.8, flags:draft_only",404,01045345293,010-4534-5293,mobile_010,cleanup:draft_only|draft_provenance_only|missing_map_link,review_needed,web_search_draft; notes; cleanup_flags:draft_only
3,중랑/면목,위베이프 용마산역점,서울 중랑구 용마산로,010-2491-6316,,,,,전자담배 전문점,중랑 상권,3,4,5,12,A,2,미접촉,,공개 웹 검색 기반 초안,yes,web_search_draft,draft_only,확장/생활상권,11.80,P3,Wave 3,404,Batch 12,"score 11.8, flags:draft_only",405,01024916316,010-2491-6316,mobile_010,cleanup:draft_only|draft_provenance_only|missing_map_link,review_needed,web_search_draft; notes; cleanup_flags:draft_only
1,강남역,킹콩전자담배 강남역점,서울 강남구 강남대로 390 미진프라자 지하1층,010-5127-1225,,,,,전자담배 전문점,유동인구 높음,5,4,5,14,A,1,미접촉,,공개 웹 검색 기반 초안. 전화 확인 필요,yes,web_search_draft,phone_check,코어 오피스/상업권,14.60,HOLD,HOLD,405,Cleanup A,"score 14.6, tier1 area, message_type1, flags:phone_check",406,01051271225,010-5127-1225,mobile_010,cleanup:phone_check|draft_provenance_only|missing_map_link,review_needed,web_search_draft; notes; cleanup_flags:phone_check
1,강남역,강남역전자담배프라자,서울 강남구 강남대로84길 23 2층 207-2호,010-4933-1901,,,,,전자담배 전문점,강남역 메인상권,5,4,5,14,A,2,미접촉,,공개 웹 검색 기반 초안. 전화 확인 필요,yes,web_search_draft,phone_check,코어 오피스/상업권,14.20,HOLD,HOLD,406,Cleanup A,"score 14.2, tier1 area, flags:phone_check",407,01049331901,010-4933-1901,mobile_010,cleanup:phone_check|draft_provenance_only|missing_map_link,review_needed,web_search_draft; notes; cleanup_flags:phone_check
1,강남역,큐브전자담배,서울 강남구 강남대로66길 14 와이즈플레이스 1층,010-9296-3638,,,,,전자담배 전문점,강남역 메인상권,5,4,5,14,A,2,미접촉,,공개 웹 검색 기반 초안. 전화 확인 필요,yes,web_search_draft,phone_check,코어 오피스/상업권,14.20,HOLD,HOLD,407,Cleanup A,"score 14.2, tier1 area, flags:phone_check",408,01092963638,010-9296-3638,mobile_010,cleanup:phone_check|draft_provenance_only|missing_map_link,review_needed,web_search_draft; notes; cleanup_flags:phone_check
1,강남역,베이프스트릿 강남점,서울 강남구 강남대로 438 2층 212호,010-3389-5115,,,,,전자담배 전문점,강남대로 대로변,5,4,5,14,A,1,미접촉,,공개 웹 검색 기반 초안. 전화 확인 필요; 동일 연락처 중복 병합: 베이프스트릿 신사점 | 서울 강남구 압구정로20길 15 103-2호,yes,web_search_draft,phone_check|merged_dup_history,코어 오피스/상업권,14.10,HOLD,HOLD,408,Cleanup A,"score 14.1, tier1 area, message_type1, flags:phone_check|merged_dup_history",409,01033895115,010-3389-5115,mobile_010,cleanup:phone_check|cleanup:merged_dup_history|draft_provenance_only|missing_map_link,review_needed,web_search_draft; notes; cleanup_flags:phone_check|merged_dup_history
1,역삼/선릉,원더베이프 강남 서브,서울 강남구 역삼동,010-6809-5115,,,,,전자담배 전문점,역삼 상권,4,4,5,13,A,1,미접촉,,원더베이프 강남 번호 다름. 별도 매장 가능성,yes,web_search_draft,identity_risk,코어 오피스/상업권,13.60,HOLD,HOLD,409,Cleanup A,"score 13.6, tier1 area, message_type1, flags:identity_risk",410,01068095115,010-6809-5115,mobile_010,cleanup:identity_risk|draft_provenance_only|missing_map_link,review_needed,web_search_draft; notes; cleanup_flags:identity_risk
1,강남역,마샤 베이프,서울 서초구 강남대로65길 12 한서그린빌리지 101호,010-7460-3550,https://m.martha-vape.com/bs21/layout/map_store2.html,, , ,전자담배 전문점,강남역 인접,5,3,4,12,A,3,미접촉,,기존 02 번호 대신 공개 웹 검색상 확인된 010 번호로 교체. 상호 표기 재확인 권장,yes,linked_source,manual_review,코어 오피스/상업권,12.90,HOLD,HOLD,410,Cleanup A,"score 12.9, tier1 area, linked source, flags:manual_review",411,01074603550,010-7460-3550,mobile_010,cleanup:manual_review,review_needed,linked_source; map_link; notes; cleanup_flags:manual_review
1,강남역,원더베이프 강남,서울 강남구 테헤란로4길 46 114호,010-9121-1852,,,,,전자담배 전문점,역삼-강남 연결축,4,4,4,12,A,2,미접촉,,공개 웹 검색 기반 초안. 전화 확인 필요,yes,web_search_draft,phone_check,코어 오피스/상업권,12.20,HOLD,HOLD,411,Cleanup A,"score 12.2, tier1 area, flags:phone_check",412,01091211852,010-9121-1852,mobile_010,cleanup:phone_check|draft_provenance_only|missing_map_link,review_needed,web_search_draft; notes; cleanup_flags:phone_check
2,왕십리/한양대,아이다 성동왕십리점,서울 성동구 왕십리,010-5573-2056,,,,,전자담배 전문점,왕십리 상권,3,4,5,12,A,1,미접촉,,성수 아이다성동점과 동일 번호 가능성. 재확인 필요; 동일 연락처 중복 병합: 아이다 성동점 | 서울 성동구 성수동,yes,web_search_draft,manual_review|merged_dup_history,트렌드/대학가,11.80,HOLD,HOLD,412,Cleanup B,"score 11.8, message_type1, flags:manual_review|merged_dup_history",413,01055732056,010-5573-2056,mobile_010,cleanup:manual_review|cleanup:merged_dup_history|draft_provenance_only|missing_map_link,review_needed,web_search_draft; notes; cleanup_flags:manual_review|merged_dup_history
3,신촌/이대,신촌전자담배프라자,서울 서대문구 신촌,010-5165-3883,,,,,전자담배 전문점,신촌 상권,3,4,5,12,A,1,미접촉,,공개 웹 검색 기반 초안. 주소 재확인 필요,yes,web_search_draft,address_check|manual_review,트렌드/대학가,10.60,HOLD,HOLD,413,Cleanup B,"score 10.6, message_type1, flags:address_check|manual_review",414,01051653883,010-5165-3883,mobile_010,cleanup:address_check|cleanup:manual_review|draft_provenance_only|missing_map_link,review_needed,web_search_draft; notes; cleanup_flags:address_check|manual_review
3,신촌/이대,이대전자담배,서울 서대문구 이대역 주변,010-3202-9410,,,,,전자담배 전문점,이대 상권,3,4,5,12,A,1,미접촉,,공개 웹 검색 기반 초안. 주소 재확인 필요,yes,web_search_draft,address_check|manual_review,트렌드/대학가,10.60,HOLD,HOLD,414,Cleanup B,"score 10.6, message_type1, flags:address_check|manual_review",415,01032029410,010-3202-9410,mobile_010,cleanup:address_check|cleanup:manual_review|draft_provenance_only|missing_map_link,review_needed,web_search_draft; notes; cleanup_flags:address_check|manual_review
3,신촌/이대,이대전자담배멀티샵,서울 서대문구 대현동 이대역 인근,010-9413-2388,,,,,전자담배 전문점,이대 상권,3,4,5,12,A,1,미접촉,,공개 웹 검색 기반 초안. 주소 재확인 필요,yes,web_search_draft,address_check|manual_review,트렌드/대학가,10.60,HOLD,HOLD,415,Cleanup B,"score 10.6, message_type1, flags:address_check|manual_review",416,01094132388,010-9413-2388,mobile_010,cleanup:address_check|cleanup:manual_review|draft_provenance_only|missing_map_link,review_needed,web_search_draft; notes; cleanup_flags:address_check|manual_review
2,영등포/문래,전자담배성지 영등포점,서울 영등포구 영등포동,0507-1304-3220,,,,,전자담배 전문점,영등포 상권,3,4,5,12,A,2,미접촉,,스마트콜 번호,yes,web_search_draft,identity_risk,혼합 고회전 상권,11.40,HOLD,HOLD,416,Cleanup C,"score 11.4, flags:identity_risk",417,050713043220,0507-1304-3220,business_0507,cleanup:identity_risk|draft_provenance_only|missing_map_link,review_needed,web_search_draft; notes; cleanup_flags:identity_risk
3,구로디지털단지,구이전자담배 독산,서울 금천구 시흥대로 주변,010-7163-0223,,,,,전자담배 전문점,독산 상권,3,4,5,12,A,1,미접촉,,공개 웹 검색 기반 초안. 주소 재확인 필요,yes,web_search_draft,address_check|manual_review,혼합 고회전 상권,10.60,HOLD,HOLD,417,Cleanup C,"score 10.6, message_type1, flags:address_check|manual_review",418,01071630223,010-7163-0223,mobile_010,cleanup:address_check|cleanup:manual_review|draft_provenance_only|missing_map_link,review_needed,web_search_draft; notes; cleanup_flags:address_check|manual_review
2,은평/연신내,엔드퍼프 연신내점,서울 은평구 연신내,010-8739-4784,https://end-puff.com/bs21/layout/map_all2.html,,,,전자담배 전문점,연신내 상권,3,4,5,12,A,1,미접촉,,공개 웹 검색 기반 초안. 주소 재확인 필요,yes,linked_source,address_check|manual_review,확장/생활상권,12.00,HOLD,HOLD,418,Cleanup D,"score 12.0, message_type1, linked source, flags:address_check|manual_review",419,01087394784,010-8739-4784,mobile_010,cleanup:address_check|cleanup:manual_review,review_needed,linked_source; map_link; notes; cleanup_flags:address_check|manual_review
3,목동/오목교,마샤 베이프 목동점,서울 양천구 목동,010-8869-8926,https://m.martha-vape.com/bs21/layout/map_store2.html,,,,전자담배 전문점,목동 상권,3,4,5,12,A,1,미접촉,,공개 웹 검색 기반 초안. 주소 재확인 필요,yes,linked_source,address_check|manual_review,확장/생활상권,11.30,HOLD,HOLD,419,Cleanup D,"score 11.3, message_type1, linked source, flags:address_check|manual_review",420,01088698926,010-8869-8926,mobile_010,cleanup:address_check|cleanup:manual_review,review_needed,linked_source; map_link; notes; cleanup_flags:address_check|manual_review
3,강서/마곡,웨스트베이프 마곡중앙,서울 강서구 마곡중앙6로 65,010-4075-3666,,,,,전자담배 전문점,마곡 오피스상권,3,4,5,12,A,1,미접촉,,웨스트베이프 마곡 번호 동일. 주소 다름. 재확인 필요; 동일 연락처 중복 병합: 웨스트 베이프 마곡 | 서울 강서구 마곡동,yes,web_search_draft,manual_review|merged_dup_history,확장/생활상권,11.10,HOLD,HOLD,420,Cleanup D,"score 11.1, message_type1, flags:manual_review|merged_dup_history",421,01040753666,010-4075-3666,mobile_010,cleanup:manual_review|cleanup:merged_dup_history|draft_provenance_only|missing_map_link,review_needed,web_search_draft; notes; cleanup_flags:manual_review|merged_dup_history
3,강서/마곡,마곡전자담배강서발산역점,서울 강서구 발산,010-3711-0227,,,,,전자담배 전문점,마곡/발산 상권,3,4,5,12,A,2,미접촉,,02-2658-8585도 공개됨. 010은 부대표 번호로 보임,yes,web_search_draft,identity_risk,확장/생활상권,10.70,HOLD,HOLD,421,Cleanup D,"score 10.7, flags:identity_risk",422,01037110227,010-3711-0227,mobile_010,cleanup:identity_risk|draft_provenance_only|missing_map_link,review_needed,web_search_draft; notes; cleanup_flags:identity_risk
3,강서/마곡,강서구전자담배,서울 강서구 화곡동,010-2833-7172,,,,,전자담배 전문점,화곡 상권,3,4,5,12,A,1,미접촉,,공개 웹 검색 기반 초안. 주소 재확인 필요,yes,web_search_draft,address_check|manual_review,확장/생활상권,10.60,HOLD,HOLD,422,Cleanup D,"score 10.6, message_type1, flags:address_check|manual_review",423,01028337172,010-2833-7172,mobile_010,cleanup:address_check|cleanup:manual_review|draft_provenance_only|missing_map_link,review_needed,web_search_draft; notes; cleanup_flags:address_check|manual_review
3,동대문/청량리,청량리 전자담배 멀티샵,서울 동대문구 청량리,010-5819-7007,,,,,전자담배 전문점,청량리 상권,3,4,5,12,A,1,미접촉,,공개 웹 검색 기반 초안. 주소 재확인 필요,yes,web_search_draft,address_check|manual_review,확장/생활상권,10.60,HOLD,HOLD,423,Cleanup D,"score 10.6, message_type1, flags:address_check|manual_review",424,01058197007,010-5819-7007,mobile_010,cleanup:address_check|cleanup:manual_review|draft_provenance_only|missing_map_link,review_needed,web_search_draft; notes; cleanup_flags:address_check|manual_review
3,수유/미아,미아 드루와 삼양점,서울 강북구 미아동,010-8877-0898,,,,,전자담배 전문점,미아 상권,3,4,5,12,A,1,미접촉,,공개 웹 검색 기반 초안. 주소 재확인 필요,yes,web_search_draft,address_check|manual_review,확장/생활상권,10.60,HOLD,HOLD,424,Cleanup D,"score 10.6, message_type1, flags:address_check|manual_review",425,01088770898,010-8877-0898,mobile_010,cleanup:address_check|cleanup:manual_review|draft_provenance_only|missing_map_link,review_needed,web_search_draft; notes; cleanup_flags:address_check|manual_review
