priority_tier,area,store_name,address,phone,map_link,instagram_or_site,review_count,rating,store_type,store_tone,location_score,specialty_score,contactability_score,total_score,priority_grade,message_type,contact_status,last_contact_date,notes,sms_ready,source_bucket,cleanup_flags,cluster,send_score,send_priority_bucket,recommended_wave,send_order,batch_hint,priority_reason
1,역삼/선릉,역삼전자담배멀티샵,서울 강남구 역삼로 139,010-6268-6451,,,,,멀티샵,역삼 상권,4,4,4,12,A,2,미접촉,,기존 02 번호 대신 공개 검색상 확인된 010 번호로 교체,yes,web_search_draft,,코어 오피스/상업권,13.70,P3,Wave 3,489,Batch 9,"score 13.7, tier1 area"
1,역삼/선릉,쿨베이핑 개포점,서울 강남구 개포동,010-9249-3007,,,,,전자담배 전문점,개포 상권,3,4,5,12,A,1,미접촉,,공개 웹 검색 기반 초안,yes,web_search_draft,draft_only,코어 오피스/상업권,13.70,P3,Wave 3,490,Batch 9,"score 13.7, tier1 area, message_type1, flags:draft_only"
3,압구정/청담,시가댕,서울 강남구 청담동 40-20 수정하이츠 202,010-2395-3314,https://m.cicadeng.com/shopinfo/company.html,,,,시가/전자담배 복합,청담 니치 상권,3,3,5,11,B,3,미접촉,,"전자담배 액상/시가 계열, 적합성 별도 판단",yes,linked_source,,코어 오피스/상업권,11.40,P3,Wave 3,491,Batch 9,"score 11.4, linked source"
1,성수,금호동조아전자담배,서울 성동구 금호동,010-9627-2740,,,,,전자담배 전문점,금호 상권,3,4,5,12,A,1,미접촉,,공개 웹 검색 기반 초안,yes,web_search_draft,draft_only,트렌드/대학가,13.70,P3,Wave 3,492,Batch 10,"score 13.7, tier1 area, message_type1, flags:draft_only"
2,건대입구,라미야자양점,서울 광진구 자양로13길 19 1층,010-9407-3923,https://m.martha-vape.com/bs21/layout/map_store2.html,,,,전자담배 전문점,자양동 상권,3,4,5,12,A,2,미접촉,,공개 웹 검색 기반 초안,yes,linked_source,,트렌드/대학가,13.60,P3,Wave 3,493,Batch 10,"score 13.6, linked source"
2,건대입구,바이올렛베이프샵,서울 광진구 뚝섬로 522 1층,010-7979-1655,https://www.okinolabs.com/ko/store-locator/,,,,전자담배 전문점,자양동 생활상권,3,4,5,12,A,2,미접촉,,공개 웹 검색 기반 초안,yes,linked_source,,트렌드/대학가,13.60,P3,Wave 3,494,Batch 10,"score 13.6, linked source"
2,건대입구,킹콩베이퍼스 군자점,서울 광진구 광나루로 369 광진두산위브파크 1층 102호,010-9930-9140,http://litmuskorea.co.kr/sitefront/Litmuskorea/stores/,,,,전자담배 전문점,군자/건대권,3,4,5,12,A,2,미접촉,,공개 웹 검색 기반 초안,yes,linked_source,,트렌드/대학가,13.60,P3,Wave 3,495,Batch 10,"score 13.6, linked source"
3,건대입구,나만없어전자담배,서울특별시 광진구 아차산로34길 5 1층,010-2655-1530,https://end-puff.com/bs21/layout/map_all2.html,,,,전자담배 전문점,광진구 아차산 상권,3,4,5,12,A,1,미접촉,,엔드퍼프 공식 스토어로케이터 기반 2026-04-10 추가,yes,linked_source,,트렌드/대학가,13.30,P3,Wave 3,496,Batch 10,"score 13.3, message_type1, linked source"
3,건대입구,베이프랩 자양점,서울 광진구 구의동,010-2209-6383,https://m.vapelab.co.kr/shopinfo/company.html,,,,전자담배 전문점,자양/구의 상권,3,4,5,12,A,1,미접촉,,공개 웹 검색 기반 초안,yes,linked_source,,트렌드/대학가,13.30,P3,Wave 3,497,Batch 10,"score 13.3, message_type1, linked source"
3,건대입구,앳츠,서울특별시 광진구 군자로7길 10 (화양동) 1층,010-4447-7869,https://end-puff.com/bs21/layout/map_all2.html,,,,전자담배 전문점,광진구 화양동 상권,3,4,5,12,A,1,미접촉,,엔드퍼프 공식 스토어로케이터 기반 2026-04-10 추가,yes,linked_source,,트렌드/대학가,13.30,P3,Wave 3,498,Batch 10,"score 13.3, message_type1, linked source"
3,이태원,전자담배랩,서울특별시 용산구 한강대로11길 30 101호,010-2880-4966,https://m.swidn.com/store,,,,전자담배 전문점,용산구 한강대로 상권,3,4,5,12,A,1,미접촉,,스위든 공식 스토어로케이터 기반 2026-04-10 추가,yes,linked_source,,트렌드/대학가,13.30,P3,Wave 3,499,Batch 10,"score 13.3, message_type1, linked source"
2,신촌/이대,몬스터즈 전자담배 신수동,서울 마포구 신수동,010-6826-8289,,,,,전자담배 전문점,신수/마포 상권,3,4,5,12,A,1,미접촉,,공개 웹 검색 기반 초안,yes,web_search_draft,draft_only,트렌드/대학가,12.90,P3,Wave 3,500,Batch 10,"score 12.9, message_type1, flags:draft_only"
2,신촌/이대,베이프존 아현점,서울 서대문구 북아현동,010-3443-0144,,,,,전자담배 전문점,아현 상권,3,4,5,12,A,1,미접촉,,공개 웹 검색 기반 초안,yes,web_search_draft,draft_only,트렌드/대학가,12.90,P3,Wave 3,501,Batch 10,"score 12.9, message_type1, flags:draft_only"
2,왕십리/한양대,구름베이프,서울 성동구 왕십리로21길 12 1층,010-3799-5841,,,,,전자담배 전문점,왕십리 상권,3,4,5,12,A,1,미접촉,,공개 웹 검색 기반 초안,yes,web_search_draft,draft_only,트렌드/대학가,12.90,P3,Wave 3,502,Batch 10,"score 12.9, message_type1, flags:draft_only"
2,이태원,마크전자담배 갈월동,서울 용산구 한강대로 259 (갈월동),010-8723-3430,,,,,전자담배 전문점,갈월 상권,3,4,5,12,A,1,미접촉,,공개 웹 검색 기반 초안,yes,web_search_draft,draft_only,트렌드/대학가,12.90,P3,Wave 3,503,Batch 10,"score 12.9, message_type1, flags:draft_only"
2,이태원,이글베이프,서울 용산구 한강대로46길 16 1층동 103호,010-4168-1201,,,,,전자담배 전문점,한강로 상권,3,4,5,12,A,1,미접촉,,공개 웹 검색 기반 초안,yes,web_search_draft,draft_only,트렌드/대학가,12.90,P3,Wave 3,504,Batch 10,"score 12.9, message_type1, flags:draft_only"
2,이태원,전자담배 용산 한강대로,서울 용산구 한강대로 166 1층,010-9914-1919,,,,,전자담배 전문점,용산역 상권,3,4,5,12,A,1,미접촉,,공개 웹 검색 기반 초안,yes,web_search_draft,draft_only,트렌드/대학가,12.90,P3,Wave 3,505,Batch 10,"score 12.9, message_type1, flags:draft_only"
2,이태원,전자담배랩 용산,서울 용산구 한강대로11길 30 101호,010-6614-7589,,,,,전자담배 전문점,용산 상권,3,4,5,12,A,1,미접촉,,공개 웹 검색 기반 초안,yes,web_search_draft,draft_only,트렌드/대학가,12.90,P3,Wave 3,506,Batch 10,"score 12.9, message_type1, flags:draft_only"
2,홍대/합정/상수,베이프마포공덕,서울 마포구 마포대로,010-7231-0916,,,,,전자담배 전문점,마포/공덕 상권,3,4,5,12,A,1,미접촉,,공개 웹 검색 기반 초안,yes,web_search_draft,draft_only,트렌드/대학가,12.90,P3,Wave 3,507,Batch 10,"score 12.9, message_type1, flags:draft_only"
2,홍대/합정/상수,서강베이프 신수동,서울 마포구 신수동,010-7637-8249,,,,,전자담배 전문점,신수/마포 상권,3,4,5,12,A,1,미접촉,,공개 웹 검색 기반 초안,yes,web_search_draft,draft_only,트렌드/대학가,12.90,P3,Wave 3,508,Batch 10,"score 12.9, message_type1, flags:draft_only"
2,신촌/이대,카리 전자담배 무악동,서울 종로구 통일로 230 (무악동) 경희궁롯데캐슬 상가 111호,010-4062-8818,,,,,전자담배 전문점,무악/독립문 상권,3,4,5,12,A,1,미접촉,,공개 웹 검색 기반 초안; 동일 연락처 중복 병합: 마블루 전자담배 홍제동 | 서울 서대문구 통일로 418 (홍제동) 1층,yes,web_search_draft,merged_dup_history,트렌드/대학가,12.80,P3,Wave 3,509,Batch 10,"score 12.8, message_type1, flags:merged_dup_history"
2,왕십리/한양대,샤슈베이프 마장동,서울 성동구 마장로 271 (마장동) 삼성아파트 상가 1층,010-8989-0133,,,,,전자담배 전문점,마장/왕십리 상권,3,4,5,12,A,1,미접촉,,공개 웹 검색 기반 초안; 동일 연락처 중복 병합: 성동구 성수이로 마블루 | 서울 성동구 성수이로 34-1 (성수동2가),yes,web_search_draft,merged_dup_history,트렌드/대학가,12.80,P3,Wave 3,510,Batch 10,"score 12.8, message_type1, flags:merged_dup_history"
3,건대입구,광진전자담배프라자,서울 광진구 능동,010-5537-9339,,,,,전자담배 전문점,군자/능동 상권,3,4,5,12,A,1,미접촉,,공개 웹 검색 기반 초안,yes,web_search_draft,draft_only,트렌드/대학가,12.20,P3,Wave 3,511,Batch 10,"score 12.2, message_type1, flags:draft_only"
3,건대입구,전자담배스토어 중곡동,서울 광진구 중곡동,010-3391-9797,,,,,전자담배 전문점,중곡 상권,3,4,5,12,A,1,미접촉,,공개 웹 검색 기반 초안,yes,web_search_draft,draft_only,트렌드/대학가,12.20,P3,Wave 3,512,Batch 10,"score 12.2, message_type1, flags:draft_only"
3,신촌/이대,맥세븐북가좌점,서울 서대문구 거북골로 193 (북가좌동) 지층,010-5621-3004,,,,,전자담배 전문점,북가좌 상권,3,4,5,12,A,1,미접촉,,공개 웹 검색 기반 초안,yes,web_search_draft,draft_only,트렌드/대학가,12.20,P3,Wave 3,513,Batch 10,"score 12.2, message_type1, flags:draft_only"
3,신촌/이대,하카북가좌점,서울 서대문구 거북골로 158 (북가좌동),010-3790-0253,,,,,전자담배 전문점,북가좌 상권,3,4,5,12,A,1,미접촉,,공개 웹 검색 기반 초안,yes,web_search_draft,draft_only,트렌드/대학가,12.20,P3,Wave 3,514,Batch 10,"score 12.2, message_type1, flags:draft_only"
2,마포/공덕,베이프스토리 마포공덕전자담배,서울 마포구 마포대로 52 고려아카데미텔Ⅱ 지하1층,010-9545-5735,https://m.ejuiceko.com/find_store.html,,,,전자담배 전문점,공덕 업무지구,3,4,5,12,A,2,미접촉,,공개 웹 검색 기반 초안,yes,linked_source,,혼합 고회전 상권,13.60,P3,Wave 3,515,Batch 11,"score 13.6, linked source"
2,영등포/문래,문래멀티샵NEW,서울 영등포구 문래로 79-13 1층,010-8859-4610,https://m.ejuiceko.com/find_store.html,,,,전자담배 전문점,문래 상권,3,4,5,12,A,2,미접촉,,공개 웹 검색 기반 초안,yes,linked_source,,혼합 고회전 상권,13.60,P3,Wave 3,516,Batch 11,"score 13.6, linked source"
2,영등포/문래,문래전자담배할인점,서울 영등포구 선유로 70 우리벤처타운2 지하104호,010-3598-7552,https://m.justfog.co.kr/stockist.html,,,,전자담배 전문점,문래 업무지구,3,4,5,12,A,2,미접촉,,공개 웹 검색 기반 초안,yes,linked_source,,혼합 고회전 상권,13.60,P3,Wave 3,517,Batch 11,"score 13.6, linked source"
2,잠실/송리단길,라미야 방이점,서울 송파구 오금로11길 33 신동아타워 1층 10호,010-9624-3989,https://m.martha-vape.com/bs21/layout/map_store2.html,,,,전자담배 전문점,방이 상권,3,4,5,12,A,2,미접촉,,공개 웹 검색 기반 초안,yes,linked_source,,혼합 고회전 상권,13.60,P3,Wave 3,518,Batch 11,"score 13.6, linked source"
2,종로/을지로/충무로,커먼 전자담배 을지로점,서울 중구 수표로 48-7 홍일빌딩 102호,010-2079-6068,,,,,전자담배 전문점,을지로 오피스권,4,4,5,13,A,2,미접촉,,공개 웹 검색 기반 초안,yes,web_search_draft,draft_only,혼합 고회전 상권,13.50,P3,Wave 3,519,Batch 11,"score 13.5, flags:draft_only"
3,구로디지털단지,구로 스타전자담배,서울특별시 구로구 시흥대로 545-1 (구로동) 1층,010-3252-6789,http://litmuskorea.co.kr/sitefront/Litmuskorea/stores/,,,,전자담배 전문점,구로 상권,3,4,5,12,A,1,미접촉,,리트머스코리아 공식 스토어로케이터 기반 2026-04-10 추가,yes,linked_source,,혼합 고회전 상권,13.30,P3,Wave 3,520,Batch 11,"score 13.3, message_type1, linked source"
2,구로디지털단지,구로 전자담배,,0507-1374-3730,,,,,전자담배 전문점,구로디지털단지 네이버 검색 검증,3,4,5,12,B,1,미접촉,,네이버 지도 검색 기반 신규 추가 2026-04-10 저녁 (주소 확인 필요),yes,web_search_draft,,혼합 고회전 상권,13.30,P3,Wave 3,521,Batch 11,"score 13.3, message_type1"
3,구로디지털단지,월드플레이 전자담배 가산점,서울특별시 금천구 가산디지털2로 136 (승일VentureTower) 1층 103호,010-2134-2211,https://end-puff.com/bs21/layout/map_all2.html,,,,전자담배 전문점,금천/가산 상권,3,4,5,12,A,1,미접촉,,엔드퍼프 공식 스토어로케이터 기반 2026-04-10 추가,yes,linked_source,,혼합 고회전 상권,13.30,P3,Wave 3,522,Batch 11,"score 13.3, message_type1, linked source"
3,마포/공덕,망원전자담배,서울특별시 마포구 월드컵로 67 그린빌딩 1층,010-5162-1263,https://end-puff.com/bs21/layout/map_all2.html,,,,전자담배 전문점,마포 망원 상권,3,4,5,12,A,1,미접촉,,엔드퍼프 공식 스토어로케이터 기반 2026-04-10 추가,yes,linked_source,,혼합 고회전 상권,13.30,P3,Wave 3,523,Batch 11,"score 13.3, message_type1, linked source"
2,마포/공덕,상암 전자담배,서울특별시 마포구 월드컵북로54길 17 사보이시티 A동 1층 122호,0507-1364-3540,,,,,전자담배 전문점,은평/연신내 네이버 검색 검증,3,4,5,12,B,1,미접촉,,네이버 지도 검색 기반 신규 추가 2026-04-10 저녁,yes,web_search_draft,,혼합 고회전 상권,13.30,P3,Wave 3,524,Batch 11,"score 13.3, message_type1"
1,잠실/송리단길,라미야전자담배 송파가든파이브점,서울 송파구 충민로 66 가든파이브 NC백화점 지하1층 FB-1079호,010-2988-6281,,,,,전자담배 전문점,문정/송파 보강상권,3,4,5,12,A,2,미접촉,,공개 웹 검색 기반 초안,yes,web_search_draft,draft_only,혼합 고회전 상권,13.30,P3,Wave 3,525,Batch 11,"score 13.3, tier1 area, flags:draft_only"
1,잠실/송리단길,잔티몰,서울 송파구 백제고분로 187 파크인수 B202,010-8750-8531,,,,,전자담배 전문점,잠실 생활상권,3,4,5,12,A,2,미접촉,,공개 웹 검색 기반 초안,yes,web_search_draft,draft_only,혼합 고회전 상권,13.30,P3,Wave 3,526,Batch 11,"score 13.3, tier1 area, flags:draft_only"
2,마포/공덕,베이핑클럽 공덕,서울 마포구 마포대로 143 마포공덕파크팰리스Ⅱ 지하1층 108호,010-7604-1066,https://m.swidn.com/store,,,,전자담배 전문점,공덕 오피스타운,3,4,5,12,A,2,미접촉,,공개 웹 검색 기반 초안; 동일 연락처 중복 병합: 베이핑클럽 마포 | 서울 마포구 마포대로,yes,linked_source,merged_dup_history,혼합 고회전 상권,13.10,P3,Wave 3,527,Batch 11,"score 13.1, linked source, flags:merged_dup_history"
3,구로디지털단지,구로디지털단지역 식후땡전자담배,서울 구로구 시흥대로 545-1 1층,010-2137-6780,https://m.zapjuice.co.kr/article/%EC%A0%84%EA%B5%AD%EC%B7%A8%EA%B8%89%EC%A0%90%EC%95%88%EB%82%B4/1002/1545/,,,,전자담배 전문점,구디 상권,3,4,5,12,A,2,미접촉,,공개 웹 검색 기반 초안,yes,linked_source,,혼합 고회전 상권,12.90,P3,Wave 3,528,Batch 11,"score 12.9, linked source"
3,구로디지털단지,베이프스트릿 구로점,서울 구로구 디지털로 315 1층,0507-1442-5115,http://m.xn--jk1bv40b.com/myboard/st_branch/1048331,,,,전자담배 전문점,구디 오피스타운,3,4,5,12,A,2,미접촉,,공개 웹 검색 기반 초안,yes,linked_source,,혼합 고회전 상권,12.90,P3,Wave 3,529,Batch 11,"score 12.9, linked source"
2,영등포/문래,더몬스터전자담배,서울 영등포구 문래동 (당산 인근),010-8412-6010,,,,,전자담배 전문점,당산/문래 상권,3,4,5,12,A,1,미접촉,,공개 웹 검색 기반 초안,yes,web_search_draft,draft_only,혼합 고회전 상권,12.90,P3,Wave 3,530,Batch 11,"score 12.9, message_type1, flags:draft_only"
2,영등포/문래,베이프247 당산,서울 영등포구 당산동3가,010-3400-3408,,,,,전자담배 전문점,당산 상권,3,4,5,12,A,1,미접촉,,공개 웹 검색 기반 초안,yes,web_search_draft,draft_only,혼합 고회전 상권,12.90,P3,Wave 3,531,Batch 11,"score 12.9, message_type1, flags:draft_only"
2,영등포/문래,보라매전자담배,서울 동작구 신길동 보라매 인근,010-9168-7640,,,,,전자담배 전문점,보라매 상권,3,4,5,12,A,1,미접촉,,공개 웹 검색 기반 초안,yes,web_search_draft,draft_only,혼합 고회전 상권,12.90,P3,Wave 3,532,Batch 11,"score 12.9, message_type1, flags:draft_only"
3,영등포/문래,스모킹라이프,서울 영등포구 대방천로 191 1층,0507-1479-8991,https://map.naver.com/p/entry/place/36215100,,,,전자담배 전문점,영등포 생활상권,3,4,5,12,A,2,미접촉,,"네이버 지도 place listing 검증 완료. 전자담배 카테고리, 서울 영등포구 주소, 0507 확인",yes,linked_source,,혼합 고회전 상권,12.90,P3,Wave 3,533,Batch 11,"score 12.9, linked source"
2,영등포/문래,영등포 베이프로,서울 영등포구 영등포동,010-2157-4889,,,,,전자담배 전문점,영등포 상권,3,4,5,12,A,1,미접촉,,공개 웹 검색 기반 초안,yes,web_search_draft,draft_only,혼합 고회전 상권,12.90,P3,Wave 3,534,Batch 11,"score 12.9, message_type1, flags:draft_only"
2,영등포/문래,자담체인지 양평동,서울 영등포구 양평동1가,010-2061-3232,,,,,전자담배 전문점,양평/영등포 상권,3,4,5,12,A,1,미접촉,,공개 웹 검색 기반 초안,yes,web_search_draft,draft_only,혼합 고회전 상권,12.90,P3,Wave 3,535,Batch 11,"score 12.9, message_type1, flags:draft_only"
2,영등포/문래,타바고 영등포점,서울 영등포구 영등포동,010-4000-7744,,,,,전자담배 전문점,영등포 상권,3,4,5,12,A,1,미접촉,,공개 웹 검색 기반 초안,yes,web_search_draft,draft_only,혼합 고회전 상권,12.90,P3,Wave 3,536,Batch 11,"score 12.9, message_type1, flags:draft_only"
2,영등포/문래,하카전자담배 당산점,서울 영등포구 당산동,010-6872-1107,,,,,전자담배 전문점,당산 상권,3,4,5,12,A,1,미접촉,,공개 웹 검색 기반 초안,yes,web_search_draft,draft_only,혼합 고회전 상권,12.90,P3,Wave 3,537,Batch 11,"score 12.9, message_type1, flags:draft_only"
2,영등포/문래,하카전자담배 영등포점,서울 영등포구 영등포동,010-5403-1721,,,,,전자담배 전문점,영등포 상권,3,4,5,12,A,1,미접촉,,공개 웹 검색 기반 초안,yes,web_search_draft,draft_only,혼합 고회전 상권,12.90,P3,Wave 3,538,Batch 11,"score 12.9, message_type1, flags:draft_only"
2,잠실/송리단길,너구리전자담배 오금점,서울 송파구 마천로 68 1층,010-2798-0511,,,,,전자담배 전문점,오금 상권,3,4,5,12,A,1,미접촉,,공개 웹 검색 기반 초안,yes,web_search_draft,draft_only,혼합 고회전 상권,12.90,P3,Wave 3,539,Batch 11,"score 12.9, message_type1, flags:draft_only"
2,잠실/송리단길,찰리전자담배 오금동점,서울 송파구 마천로 190 청전빌딩 1층 103호,010-9386-5950,,,,,전자담배 전문점,오금 상권,3,4,5,12,A,1,미접촉,,공개 웹 검색 기반 초안,yes,web_search_draft,draft_only,혼합 고회전 상권,12.90,P3,Wave 3,540,Batch 11,"score 12.9, message_type1, flags:draft_only"
2,종로/을지로/충무로,동묘토네이도 창신동,서울 종로구 창신동,010-6378-0168,,,,,전자담배 전문점,동묘/창신 상권,3,4,5,12,A,1,미접촉,,공개 웹 검색 기반 초안,yes,web_search_draft,draft_only,혼합 고회전 상권,12.90,P3,Wave 3,541,Batch 11,"score 12.9, message_type1, flags:draft_only"
2,종로/을지로/충무로,에어베이프 연희동,서울 서대문구 연희로 114 1층,010-7519-7639,,,,,전자담배 전문점,연희 상권,3,4,5,12,A,1,미접촉,,공개 웹 검색 기반 초안,yes,web_search_draft,draft_only,혼합 고회전 상권,12.90,P3,Wave 3,542,Batch 11,"score 12.9, message_type1, flags:draft_only"
2,종로/을지로/충무로,전자담배 충정로,서울 서대문구 충정로 73 1층,010-4599-9317,,,,,전자담배 전문점,충정로 상권,3,4,5,12,A,1,미접촉,,공개 웹 검색 기반 초안,yes,web_search_draft,draft_only,혼합 고회전 상권,12.90,P3,Wave 3,543,Batch 11,"score 12.9, message_type1, flags:draft_only"
3,구로디지털단지,구로전자담배 샤파밍기샵,서울 구로구 도림천로 446,010-4850-8540,,,,,전자담배 전문점,구로 상권,3,4,5,12,A,1,미접촉,,공개 웹 검색 기반 초안,yes,web_search_draft,draft_only,혼합 고회전 상권,12.20,P3,Wave 3,544,Batch 11,"score 12.2, message_type1, flags:draft_only"
3,구로디지털단지,금천전자담배프라자,서울 금천구 독산동,010-2224-2527,,,,,전자담배 전문점,독산 상권,3,4,5,12,A,1,미접촉,,공개 웹 검색 기반 초안,yes,web_search_draft,draft_only,혼합 고회전 상권,12.20,P3,Wave 3,545,Batch 11,"score 12.2, message_type1, flags:draft_only"
3,구로디지털단지,돛대전자담배 독산,서울 금천구 독산로 주변,010-2654-6016,,,,,전자담배 전문점,독산 상권,3,4,5,12,A,1,미접촉,,공개 웹 검색 기반 초안,yes,web_search_draft,draft_only,혼합 고회전 상권,12.20,P3,Wave 3,546,Batch 11,"score 12.2, message_type1, flags:draft_only"
3,구로디지털단지,루프베이프 신도림,서울 구로구 경인로 643 신도림2차동아아파트 상가 1층,010-8191-3284,,,,,전자담배 전문점,신도림 상권,3,4,5,12,A,1,미접촉,,공개 웹 검색 기반 초안,yes,web_search_draft,draft_only,혼합 고회전 상권,12.20,P3,Wave 3,547,Batch 11,"score 12.2, message_type1, flags:draft_only"
3,구로디지털단지,마크전자담배 가산점,서울 금천구 가산동,010-8961-3375,,,,,전자담배 전문점,가산디지털 상권,3,4,5,12,A,1,미접촉,,공개 웹 검색 기반 초안,yes,web_search_draft,draft_only,혼합 고회전 상권,12.20,P3,Wave 3,548,Batch 11,"score 12.2, message_type1, flags:draft_only"
3,구로디지털단지,베이프큐 가산점,서울 금천구 가산동,010-4209-9954,,,,,전자담배 전문점,가산디지털 상권,3,4,5,12,A,1,미접촉,,공개 웹 검색 기반 초안,yes,web_search_draft,draft_only,혼합 고회전 상권,12.20,P3,Wave 3,549,Batch 11,"score 12.2, message_type1, flags:draft_only"
3,구로디지털단지,신도림 미쓰전자담배,서울 구로구 경인로 643 신도림2차동아 A상가 1층 133호,010-6624-2288,,,,,전자담배 전문점,신도림 상권,3,4,5,12,A,1,미접촉,,공개 웹 검색 기반 초안,yes,web_search_draft,draft_only,혼합 고회전 상권,12.20,P3,Wave 3,550,Batch 11,"score 12.2, message_type1, flags:draft_only"
3,구로디지털단지,원베이프 개봉동점,서울 구로구 경인로 320,010-5212-5995,,,,,전자담배 전문점,개봉 상권,3,4,5,12,A,1,미접촉,,공개 웹 검색 기반 초안,yes,web_search_draft,draft_only,혼합 고회전 상권,12.20,P3,Wave 3,551,Batch 11,"score 12.2, message_type1, flags:draft_only"
3,구로디지털단지,원타임 신도림,서울 구로구 경인로67길 23 (신도림2차푸르지오) 상가,010-2356-0059,,,,,전자담배 전문점,신도림 상권,3,4,5,12,A,1,미접촉,,공개 웹 검색 기반 초안,yes,web_search_draft,draft_only,혼합 고회전 상권,12.20,P3,Wave 3,552,Batch 11,"score 12.2, message_type1, flags:draft_only"
3,구로디지털단지,전자담배멀티샵 구로,서울 구로구 경인로 206 1층,010-8644-5330,,,,,전자담배 전문점,구로 상권,3,4,5,12,A,1,미접촉,,공개 웹 검색 기반 초안,yes,web_search_draft,draft_only,혼합 고회전 상권,12.20,P3,Wave 3,553,Batch 11,"score 12.2, message_type1, flags:draft_only"
3,구로디지털단지,키츠베이프,서울 금천구 가산동,010-2568-9378,,,,,전자담배 전문점,가산디지털 상권,3,4,5,12,A,1,미접촉,,공개 웹 검색 기반 초안,yes,web_search_draft,draft_only,혼합 고회전 상권,12.20,P3,Wave 3,554,Batch 11,"score 12.2, message_type1, flags:draft_only"
3,마포/공덕,마포 베이프 대흥 이지전자담배,서울 마포구 대흥동,010-8988-8563,,,,,전자담배 전문점,대흥 상권,3,4,5,12,A,1,미접촉,,기존 이지 대흥동과 동일. 중복 확인 필요; 동일 연락처 중복 병합: 이지 대흥동 | 서울 마포구 대흥동,yes,web_search_draft,merged_dup_history,혼합 고회전 상권,12.10,P3,Wave 3,555,Batch 11,"score 12.1, message_type1, flags:merged_dup_history"
3,마포/공덕,원더베이프 상암점,서울 마포구 상암동,010-4410-5595,,,,,전자담배 전문점,상암/마포 상권,3,4,5,12,A,1,미접촉,,공개 웹 검색 기반 초안; 동일 연락처 중복 병합: 원더베이프 상암 | 서울 마포구 상암동,yes,web_search_draft,merged_dup_history,혼합 고회전 상권,12.10,P3,Wave 3,556,Batch 11,"score 12.1, message_type1, flags:merged_dup_history"
2,은평/연신내,라미야은평점,서울 은평구 통일로 856 (불광동) 메트로타워 지하1층 17호,010-8711-8200,https://m.martha-vape.com/bs21/layout/map_store2.html,,,,전자담배 전문점,불광/연신내 상권,3,4,5,12,A,2,미접촉,,공개 웹 검색 기반 초안,yes,linked_source,,확장/생활상권,13.60,P3,Wave 3,557,Batch 12,"score 13.6, linked source"
3,강서/마곡,더몬스터 강서점,서울 강서구 공항대로46길 9 연우넥스트뷰 101호,010-4807-6793,http://litmuskorea.co.kr/sitefront/Litmuskorea/stores/,,,,전자담배 전문점,화곡 생활상권,3,4,5,12,A,2,미접촉,,"공식 스토어 로케이터 재확인 2026-04-10, 리트머스코리아 취급점 페이지 기반 비핫스팟 확장 추가",yes,official_locator,,확장/생활상권,13.40,P3,Wave 3,558,Batch 12,"score 13.4, official source"
3,동대문/청량리,하카전자담배 답십리점,서울 동대문구 답십리로 173 1층,010-7288-3758,https://m.martha-vape.com/bs21/layout/map_store2.html,,,,전자담배 전문점,답십리 생활상권,3,4,5,12,A,2,미접촉,,"공식 스토어 로케이터 재확인 2026-04-10, 마샤 베이프 매장 페이지 기반 비핫스팟 확장 추가",yes,official_locator,,확장/생활상권,13.40,P3,Wave 3,559,Batch 12,"score 13.4, official source"
3,서초/양재,증기기관 서초점,서울 서초구 서초중앙로24길 5 맨투맨빌딩 104호,010-9340-6927,https://m.martha-vape.com/bs21/layout/map_store2.html,,,,전자담배 전문점,서초 생활상권,3,4,5,12,A,2,미접촉,,"공식 스토어 로케이터 재확인 2026-04-10, 마샤 베이프 매장 페이지 기반 비핫스팟 확장 추가",yes,official_locator,,확장/생활상권,13.40,P3,Wave 3,560,Batch 12,"score 13.4, official source"
3,천호/강동,하카강동점,서울 강동구 양재대로 1599 102호,010-8677-9070,http://litmuskorea.co.kr/sitefront/Litmuskorea/stores/,,,,전자담배 전문점,천호 생활상권,3,4,5,12,A,2,미접촉,,"공식 스토어 로케이터 재확인 2026-04-10, 리트머스코리아 취급점 페이지 기반 비핫스팟 확장 추가",yes,official_locator,,확장/생활상권,13.40,P3,Wave 3,561,Batch 12,"score 13.4, official source"
2,강서/마곡,강서 전자담배,서울특별시 강서구 화곡로19길 47 502호,0507-1380-1223,,,,,전자담배 전문점,강서/마곡 네이버 검색 검증,3,4,5,12,B,1,미접촉,,네이버 지도 검색 기반 신규 추가 2026-04-10 저녁,yes,web_search_draft,,확장/생활상권,13.30,P3,Wave 3,562,Batch 12,"score 13.3, message_type1"
2,강서/마곡,강서 전자담배,서울특별시 강서구 강서로 426,0507-1431-8865,,,,,전자담배 전문점,강서/마곡 네이버 검색 검증,3,4,5,12,B,1,미접촉,,네이버 지도 검색 기반 신규 추가 2026-04-10 저녁,yes,web_search_draft,,확장/생활상권,13.30,P3,Wave 3,563,Batch 12,"score 13.3, message_type1"
2,강서/마곡,강서 전자담배,,0507-1377-9071,,,,,전자담배 전문점,강서/마곡 네이버 검색 검증,3,4,5,12,B,1,미접촉,,네이버 지도 검색 기반 신규 추가 2026-04-10 저녁 (주소 확인 필요),yes,web_search_draft,,확장/생활상권,13.30,P3,Wave 3,564,Batch 12,"score 13.3, message_type1"
2,강서/마곡,강서 전자담배,,0507-1349-3541,,,,,전자담배 전문점,강서/마곡 네이버 검색 검증,3,4,5,12,B,1,미접촉,,네이버 지도 검색 기반 신규 추가 2026-04-10 저녁 (주소 확인 필요),yes,web_search_draft,,확장/생활상권,13.30,P3,Wave 3,565,Batch 12,"score 13.3, message_type1"
3,강서/마곡,구구미니 전자담배 화곡,서울 강서구 화곡동,010-4675-0251,https://jokoonmini.com/,,,,전자담배 전문점,화곡 상권,3,4,5,12,A,1,미접촉,,공개 웹 검색 기반 초안,yes,linked_source,,확장/생활상권,13.30,P3,Wave 3,566,Batch 12,"score 13.3, message_type1, linked source"
2,강서/마곡,하카 발산역직영점,서울 강서구 강서로 359-3 1층 101호,0507-1311-0261,,,,,전자담배 전문점,강서/마곡 네이버 검색 검증,3,4,5,12,B,1,미접촉,,네이버 지도 검색 기반 신규 추가 2026-04-10 저녁,yes,web_search_draft,,확장/생활상권,13.30,P3,Wave 3,567,Batch 12,"score 13.3, message_type1"
2,금호/약수/옥수,금호 전자담배,,0507-1349-3646,,,,,전자담배 전문점,금호/약수/옥수 네이버 검색 검증,3,4,5,12,B,1,미접촉,,네이버 지도 검색 기반 신규 추가 2026-04-10 저녁 (주소 확인 필요),yes,web_search_draft,,확장/생활상권,13.30,P3,Wave 3,568,Batch 12,"score 13.3, message_type1"
2,노원,노원 전자담배,,0507-1383-8958,,,,,전자담배 전문점,노원 네이버 검색 검증,3,4,5,12,B,1,미접촉,,네이버 지도 검색 기반 신규 추가 2026-04-10 저녁 (주소 확인 필요),yes,web_search_draft,,확장/생활상권,13.30,P3,Wave 3,569,Batch 12,"score 13.3, message_type1"
2,노원,노원 전자담배,,0507-1366-6482,,,,,전자담배 전문점,노원 네이버 검색 검증,3,4,5,12,B,1,미접촉,,네이버 지도 검색 기반 신규 추가 2026-04-10 저녁 (주소 확인 필요),yes,web_search_draft,,확장/생활상권,13.30,P3,Wave 3,570,Batch 12,"score 13.3, message_type1"
2,노원,파스타바코 노원총판,서울특별시 노원구 한글비석로 419 1층 파스타바코,0507-1309-9686,,,,,전자담배 전문점,노원 네이버 검색 검증,3,4,5,12,B,1,미접촉,,네이버 지도 검색 기반 신규 추가 2026-04-10 저녁,yes,web_search_draft,,확장/생활상권,13.30,P3,Wave 3,571,Batch 12,"score 13.3, message_type1"
3,노원,휴즈전자담배 노원직영점,서울 노원구 상계동 371-2,010-8279-2797,https://m.zapjuice.co.kr/article/%EC%A0%84%EA%B5%AD%EC%B7%A8%EA%B8%89%EC%A0%90%EC%95%88%EB%82%B4/1002/1252/,,,,전자담배 전문점,노원/상계 상권,3,4,5,12,A,1,미접촉,,공개 웹 검색 기반 초안,yes,linked_source,,확장/생활상권,13.30,P3,Wave 3,572,Batch 12,"score 13.3, message_type1, linked source"
3,도봉/창동,마샤 베이프 방학점,서울 도봉구 방학로 131 1층 3호,010-2881-1098,https://m.martha-vape.com/bs21/layout/map_store2.html,,,,전자담배 전문점,방학 상권,3,4,5,12,A,1,미접촉,,공개 웹 검색 기반 초안,yes,linked_source,,확장/생활상권,13.30,P3,Wave 3,573,Batch 12,"score 13.3, message_type1, linked source"
3,동대문/청량리,베이프랩 답십리,서울 동대문구 황물로 65 (답십리동),010-9790-2770,https://vapelab.co.kr/,,,,전자담배 전문점,답십리 상권,3,4,5,12,A,1,미접촉,,공개 웹 검색 기반 초안,yes,linked_source,,확장/생활상권,13.30,P3,Wave 3,574,Batch 12,"score 13.3, message_type1, linked source"
2,동대문/청량리,청량리 전자담배,,0507-1308-6196,,,,,전자담배 전문점,동대문/청량리 네이버 검색 검증,3,4,5,12,B,1,미접촉,,네이버 지도 검색 기반 신규 추가 2026-04-10 저녁 (주소 확인 필요),yes,web_search_draft,,확장/생활상권,13.30,P3,Wave 3,575,Batch 12,"score 13.3, message_type1"
3,목동/오목교,시가랜드 전자담배,서울 양천구 신월로 344 1층,0507-1335-8585,https://map.naver.com/p/entry/place/34524114,,,,전자담배 전문점,신정 상권,3,4,5,12,A,1,미접촉,,"네이버 지도 place listing 검증 완료. 전자담배 카테고리, 서울 양천구 주소, 0507 확인. 기존 공개 웹 검색 010 대체",yes,linked_source,,확장/생활상권,13.30,P3,Wave 3,576,Batch 12,"score 13.3, message_type1, linked source"
3,목동/오목교,시가랜드전자담배 신월점,서울특별시 양천구 신월로 344 (신정동) 1층,010-4873-5030,http://litmuskorea.co.kr/sitefront/Litmuskorea/stores/,,,,전자담배 전문점,양천구 신월 상권,3,4,5,12,A,1,미접촉,,리트머스코리아 공식 스토어로케이터 기반 2026-04-10 추가,yes,linked_source,,확장/생활상권,13.30,P3,Wave 3,577,Batch 12,"score 13.3, message_type1, linked source"
3,문정/가락,베이프엔문정,서울 송파구 법원로4길 6 문정아이파크 132-2호,010-7559-9574,https://primejuice.kr/article/%ED%8C%90%EB%A7%A4%EC%A0%90-%EC%B0%BE%EA%B8%B0/5/1018/,,,,전자담배 전문점,문정 상권,3,4,5,12,A,1,미접촉,,공개 웹 검색 기반 초안,yes,linked_source,,확장/생활상권,13.30,P3,Wave 3,578,Batch 12,"score 13.3, message_type1, linked source"
3,문정/가락,송파전자담배 너구리굴문정점,서울특별시 송파구 법원로11길 11 (문정동) 문정현대지식산업센터1-1 A동 130호,010-7676-1585,https://end-puff.com/bs21/layout/map_all2.html,,,,전자담배 전문점,문정/가락 상권,3,4,5,12,A,1,미접촉,,엔드퍼프 공식 스토어로케이터 기반 2026-04-10 추가,yes,linked_source,,확장/생활상권,13.30,P3,Wave 3,579,Batch 12,"score 13.3, message_type1, linked source"
3,사당/방배,막시무스코리아,서울 서초구 서초동,010-9632-3788,https://maximuskorea.co.kr/,,,,전자담배 전문점,서초 상권,3,4,5,12,A,1,미접촉,,공개 웹 검색 기반 초안,yes,linked_source,,확장/생활상권,13.30,P3,Wave 3,580,Batch 12,"score 13.3, message_type1, linked source"
2,사당/방배,사당 전자담배,,0507-1412-1162,,,,,전자담배 전문점,사당/방배 네이버 검색 검증,3,4,5,12,B,1,미접촉,,네이버 지도 검색 기반 신규 추가 2026-04-10 저녁 (주소 확인 필요),yes,web_search_draft,,확장/생활상권,13.30,P3,Wave 3,581,Batch 12,"score 13.3, message_type1"
2,사당/방배,사당 전자담배,,0507-1369-5476,,,,,전자담배 전문점,사당/방배 네이버 검색 검증,3,4,5,12,B,1,미접촉,,네이버 지도 검색 기반 신규 추가 2026-04-10 저녁 (주소 확인 필요),yes,web_search_draft,,확장/생활상권,13.30,P3,Wave 3,582,Batch 12,"score 13.3, message_type1"
3,사당/방배,킹콩전자담배 반포점,서울 서초구 잠원동,010-5216-5934,http://litmuskorea.co.kr/sitefront/Litmuskorea/stores/,,,,전자담배 전문점,반포/잠원 상권,3,4,5,12,A,1,미접촉,,공개 웹 검색 기반 초안,yes,linked_source,,확장/생활상권,13.30,P3,Wave 3,583,Batch 12,"score 13.3, message_type1, linked source"
2,서대문/홍제,서대문홍제 전자담배,,0507-1498-8791,,,,,전자담배 전문점,서대문/홍제 네이버 검색 검증,3,4,5,12,B,1,미접촉,,네이버 지도 검색 기반 신규 추가 2026-04-10 저녁 (주소 확인 필요),yes,web_search_draft,,확장/생활상권,13.30,P3,Wave 3,584,Batch 12,"score 13.3, message_type1"
2,서대문/홍제,서대문홍제 전자담배,,0507-1345-2946,,,,,전자담배 전문점,서대문/홍제 네이버 검색 검증,3,4,5,12,B,1,미접촉,,네이버 지도 검색 기반 신규 추가 2026-04-10 저녁 (주소 확인 필요),yes,web_search_draft,,확장/생활상권,13.30,P3,Wave 3,585,Batch 12,"score 13.3, message_type1"
3,서울대입구/샤로수길,스모크 서울대입구역 전자담배,서울 관악구 관악로 211 1층 8호,010-5898-0078,https://m.zapjuice.co.kr/article/%EC%A0%84%EA%B5%AD%EC%B7%A8%EA%B8%89%EC%A0%90%EC%95%88%EB%82%B4/1002/646/,,,,전자담배 전문점,서울대입구 상권,3,4,5,12,A,1,미접촉,,공개 웹 검색 기반 초안,yes,linked_source,,확장/생활상권,13.30,P3,Wave 3,586,Batch 12,"score 13.3, message_type1, linked source"
3,서울대입구/샤로수길,하이전자담배,서울 관악구 관악로 212 1층 127호 (봉천동 관악프라자),010-4803-7499,http://litmuskorea.co.kr/sitefront/Litmuskorea/stores/,,,,전자담배 전문점,봉천 상권,3,4,5,12,A,1,미접촉,,공개 웹 검색 기반 초안,yes,linked_source,,확장/생활상권,13.30,P3,Wave 3,587,Batch 12,"score 13.3, message_type1, linked source"
3,서초/양재,원더베이프 서초점,서울 서초구 서초대로46길 3 1층 101-2B호 (서초동 경중빌딩),010-6749-4416,https://end-puff.com/bs21/layout/map_all2.html,,,,전자담배 전문점,서초 상권,3,4,5,12,A,1,미접촉,,엔드퍼프 공식 스토어로케이터 기반 2026-04-10 추가,yes,linked_source,,확장/생활상권,13.30,P3,Wave 3,588,Batch 12,"score 13.3, message_type1, linked source"
3,서초/양재,킹콩전자담배 서초점,서울특별시 서초구 서초대로 240 (서초동 동일하이빌) 1층 111호,010-5835-5476,https://end-puff.com/bs21/layout/map_all2.html,,,,전자담배 전문점,서초 상권,3,4,5,12,A,1,미접촉,,엔드퍼프 공식 스토어로케이터 기반 2026-04-10 추가,yes,linked_source,,확장/생활상권,13.30,P3,Wave 3,589,Batch 12,"score 13.3, message_type1, linked source"
3,성북/길음,고래vape전자담배,서울특별시 성북구 안암로 67 (안암동5가) 1층,010-6310-6326,https://end-puff.com/bs21/layout/map_all2.html,,,,전자담배 전문점,성북구 안암/고대 상권,3,4,5,12,A,1,미접촉,,엔드퍼프 공식 스토어로케이터 기반 2026-04-10 추가,yes,linked_source,,확장/생활상권,13.30,P3,Wave 3,590,Batch 12,"score 13.3, message_type1, linked source"
3,신림,베이프렌드 전자담배 신림점,서울 관악구 신림로 387 1층,010-7266-0709,https://m.swidn.com/store,,,,전자담배 전문점,신림 상권,3,4,5,12,A,1,미접촉,,공개 웹 검색 기반 초안,yes,linked_source,,확장/생활상권,13.30,P3,Wave 3,591,Batch 12,"score 13.3, message_type1, linked source"
3,신림,봉천동 전자담배 프라임쥬스,서울 관악구 양녕로 26 (봉천동) 1층,010-8870-2447,https://primejuice.kr/,,,,전자담배 전문점,봉천 상권,3,4,5,12,A,1,미접촉,,공개 웹 검색 기반 초안,yes,linked_source,,확장/생활상권,13.30,P3,Wave 3,592,Batch 12,"score 13.3, message_type1, linked source"
2,신림,신림 전자담배,,0507-1397-1081,,,,,전자담배 전문점,신림 네이버 검색 검증,3,4,5,12,B,1,미접촉,,네이버 지도 검색 기반 신규 추가 2026-04-10 저녁 (주소 확인 필요),yes,web_search_draft,,확장/생활상권,13.30,P3,Wave 3,593,Batch 12,"score 13.3, message_type1"
2,신림,신림 전자담배,,0507-1333-2430,,,,,전자담배 전문점,신림 네이버 검색 검증,3,4,5,12,B,1,미접촉,,네이버 지도 검색 기반 신규 추가 2026-04-10 저녁 (주소 확인 필요),yes,web_search_draft,,확장/생활상권,13.30,P3,Wave 3,594,Batch 12,"score 13.3, message_type1"
3,신림,신림역 토네이도전자담배,서울 관악구 신림로 318 1동 1층 101호,010-9452-8576,https://m.zapjuice.co.kr/article/%EC%A0%84%EA%B5%AD%EC%B7%A8%EA%B8%89%EC%A0%90%EC%95%88%EB%82%B4/1002/1101/,,,,전자담배 전문점,신림역 상권,3,4,5,12,A,1,미접촉,,공개 웹 검색 기반 초안,yes,linked_source,,확장/생활상권,13.30,P3,Wave 3,595,Batch 12,"score 13.3, message_type1, linked source"
3,신림,파이프앤베이프,서울특별시 관악구 조원중앙로 59 1층,010-8272-5312,https://end-puff.com/bs21/layout/map_all2.html,,,,전자담배 전문점,신림 생활상권,3,4,5,12,A,1,미접촉,,엔드퍼프 공식 스토어로케이터 기반 2026-04-10 추가,yes,linked_source,,확장/생활상권,13.30,P3,Wave 3,596,Batch 12,"score 13.3, message_type1, linked source"
2,은평/연신내,연신내 전자담배,,0507-1446-5100,,,,,전자담배 전문점,은평/연신내 네이버 검색 검증,3,4,5,12,B,1,미접촉,,네이버 지도 검색 기반 신규 추가 2026-04-10 저녁 (주소 확인 필요),yes,web_search_draft,,확장/생활상권,13.30,P3,Wave 3,597,Batch 12,"score 13.3, message_type1"
2,중랑/면목,상봉역 전자담배,서울특별시 중랑구 봉우재로33길 20,0507-1408-7905,,,,,전자담배 전문점,중랑/면목 네이버 검색 검증,3,4,5,12,B,1,미접촉,,네이버 지도 검색 기반 신규 추가 2026-04-10 저녁,yes,web_search_draft,,확장/생활상권,13.30,P3,Wave 3,598,Batch 12,"score 13.3, message_type1"
3,중랑/면목,이지전자담배 마샤베이프 면목,서울 중랑구 면목동,010-6456-5964,https://m.martha-vape.com/bs21/layout/map_store2.html,,,,전자담배 전문점,면목 상권,3,4,5,12,A,1,미접촉,,공개 웹 검색 기반 초안,yes,linked_source,,확장/생활상권,13.30,P3,Wave 3,599,Batch 12,"score 13.3, message_type1, linked source"
3,중랑/면목,전자담배 마샤베이프 면목로,서울 중랑구 면목로 488,010-3552-1677,https://m.martha-vape.com/bs21/layout/map_store2.html,,,,전자담배 전문점,면목 상권,3,4,5,12,A,1,미접촉,,공개 웹 검색 기반 초안,yes,linked_source,,확장/생활상권,13.30,P3,Wave 3,600,Batch 12,"score 13.3, message_type1, linked source"
3,천호/강동,모던베이프 암사점,서울 강동구 암사동,010-7466-8264,https://modernvapeamsa.blogspot.com/,,,,전자담배 전문점,암사 상권,3,4,5,12,A,1,미접촉,,공개 웹 검색 기반 초안,yes,linked_source,,확장/생활상권,13.30,P3,Wave 3,601,Batch 12,"score 13.3, message_type1, linked source"
3,천호/강동,일등 전자담배,서울특별시 강동구 양재대로 1500,010-8631-6212,https://m.justfog.co.kr/stockist.html,,,,전자담배 전문점,강동구 상권,3,4,5,12,A,1,미접촉,,저스트포그 공식 스토어로케이터 기반 2026-04-10 추가,yes,linked_source,,확장/생활상권,13.30,P3,Wave 3,602,Batch 12,"score 13.3, message_type1, linked source"
3,강서/마곡,라미야 공항점,서울 강서구 송정로 30 1층 (공항동),010-3333-2213,https://m.martha-vape.com/bs21/layout/map_store2.html,,,,전자담배 전문점,공항/강서 상권,3,4,5,12,A,2,미접촉,,공개 웹 검색 기반 초안,yes,linked_source,,확장/생활상권,12.90,P3,Wave 3,603,Batch 12,"score 12.9, linked source"
3,노원,라미야전자담배 공릉점,서울 노원구 공릉동,010-8652-4190,https://m.martha-vape.com/bs21/layout/map_store2.html,,,,전자담배 전문점,공릉 상권,3,4,5,12,A,2,미접촉,,공개 웹 검색 기반 초안,yes,linked_source,,확장/생활상권,12.90,P3,Wave 3,604,Batch 12,"score 12.9, linked source"
3,문정/가락,가락시장 베이핑샵,서울 송파구 송파대로28길 27 송파성원쌍떼빌상가 101동 219호,010-9278-8140,https://m.martha-vape.com/bs21/layout/map_store2.html,,,,전자담배 전문점,가락시장 인접,3,4,5,12,A,2,미접촉,,기존 02와 함께 공개된 010 번호 사용,yes,linked_source,,확장/생활상권,12.90,P3,Wave 3,605,Batch 12,"score 12.9, linked source"
3,문정/가락,라파엘전자담배 문정역점,서울 송파구 법원로 114 엠스테이트 B동 138호,010-2922-8023,https://m.zapjuice.co.kr/article/%EC%A0%84%EA%B5%AD%EC%B7%A8%EA%B8%89%EC%A0%90%EC%95%88%EB%82%B4/1002/1155/,,,,전자담배 전문점,문정역 인접,3,4,5,12,A,2,미접촉,,공개 웹 검색 기반 초안,yes,linked_source,,확장/생활상권,12.90,P3,Wave 3,606,Batch 12,"score 12.9, linked source"
3,문정/가락,송파 전자담배 너구리굴 문정점,서울 송파구 법원로11길 11 문정현대지식산업센터1-1 A동 130호,010-8208-0947,https://m.martha-vape.com/bs21/layout/map_store2.html,,,,전자담배 전문점,문정 상업지구,3,4,5,12,A,2,미접촉,,공개 웹 검색 기반 초안,yes,linked_source,,확장/생활상권,12.90,P3,Wave 3,607,Batch 12,"score 12.9, linked source"
3,문정/가락,송파3대전자담배,서울 송파구 송이로 85 영진빌딩 1층,010-6585-2524,http://litmuskorea.co.kr/sitefront/Litmuskorea/stores/,,,,전자담배 전문점,가락 생활상권,3,4,5,12,A,2,미접촉,,기존 02와 함께 공개된 010 번호 사용,yes,linked_source,,확장/생활상권,12.90,P3,Wave 3,608,Batch 12,"score 12.9, linked source"
3,문정/가락,원더베이프 문정점,서울 송파구 법원로9길 26 에이치비지니스파크 D동 103호,010-8265-7880,https://wondervape.kr/shopinfo/company.html,,,,전자담배 전문점,문정 업무지구,3,4,5,12,A,2,미접촉,,공개 웹 검색 기반 초안,yes,linked_source,,확장/생활상권,12.90,P3,Wave 3,609,Batch 12,"score 12.9, linked source"
2,사당/방배,전자담배 사당동,서울 동작구 사당로 258,010-3751-1283,,,,,전자담배 전문점,사당 상권,3,4,5,12,A,1,미접촉,,공개 웹 검색 기반 초안,yes,web_search_draft,draft_only,확장/생활상권,12.90,P3,Wave 3,610,Batch 12,"score 12.9, message_type1, flags:draft_only"
3,서울대입구/샤로수길,라미야서울대,서울 관악구 남부순환로 1820 지하1층 1057,010-4041-7810,https://m.martha-vape.com/bs21/layout/map_store2.html,,,,전자담배 전문점,서울대입구 상권,3,4,5,12,A,2,미접촉,,공개 웹 검색 기반 초안,yes,linked_source,,확장/생활상권,12.90,P3,Wave 3,611,Batch 12,"score 12.9, linked source"
3,서초/양재,서초전자담배,서울 서초구 효령로 304 국제전자센터 3층 3121호,010-9209-0071,https://m.justfog.co.kr/stockist.html,,,,전자담배 전문점,서초 상권,3,4,5,12,A,2,미접촉,,기존 02와 함께 공개된 010 번호 사용,yes,linked_source,,확장/생활상권,12.90,P3,Wave 3,612,Batch 12,"score 12.9, linked source"
3,성북/길음,성북멀티샵,서울 성북구 종암동,010-2382-6133,http://litmuskorea.co.kr/sitefront/Litmuskorea/stores/,,,,전자담배 전문점,성북 상권,3,4,5,12,A,2,미접촉,,공개 웹 검색 기반 초안,yes,linked_source,,확장/생활상권,12.90,P3,Wave 3,613,Batch 12,"score 12.9, linked source"
3,신림,신림멀티샵,서울 관악구 신림로 309 1층,010-6406-4262,http://litmuskorea.co.kr/sitefront/Litmuskorea/stores/,,,,전자담배 전문점,신림 메인상권,3,4,5,12,A,2,미접촉,,공개 웹 검색 기반 초안,yes,linked_source,,확장/생활상권,12.90,P3,Wave 3,614,Batch 12,"score 12.9, linked source"
2,은평/연신내,베이퍼크루 녹번역점,서울 은평구 통일로 579 아너스카운티 1층,010-6440-3164,,,,,전자담배 전문점,녹번 상권,3,4,5,12,A,1,미접촉,,공개 웹 검색 기반 초안,yes,web_search_draft,draft_only,확장/생활상권,12.90,P3,Wave 3,615,Batch 12,"score 12.9, message_type1, flags:draft_only"
2,은평/연신내,오늘전자담배 은평뉴타운,서울 은평구 진관3로 21 은평뉴타운엘크루 101동 104호,010-3020-6160,,,,,전자담배 전문점,진관/은평뉴타운 상권,3,4,5,12,A,1,미접촉,,공개 웹 검색 기반 초안,yes,web_search_draft,draft_only,확장/생활상권,12.90,P3,Wave 3,616,Batch 12,"score 12.9, message_type1, flags:draft_only"
2,은평/연신내,은평전자담배,서울 은평구 통일로 738-2 (불광동) 경인에버빌 1층,010-4368-2378,,,,,전자담배 전문점,불광 상권,3,4,5,12,A,1,미접촉,,공개 웹 검색 기반 초안,yes,web_search_draft,draft_only,확장/생활상권,12.90,P3,Wave 3,617,Batch 12,"score 12.9, message_type1, flags:draft_only"
2,은평/연신내,응암전자담배,서울 은평구 응암로12길 14 1층,010-5272-2950,,,,,전자담배 전문점,응암 상권,3,4,5,12,A,1,미접촉,,공개 웹 검색 기반 초안,yes,web_search_draft,draft_only,확장/생활상권,12.90,P3,Wave 3,618,Batch 12,"score 12.9, message_type1, flags:draft_only"
3,중랑/면목,라미야 면목점,서울 중랑구 면목로 375 (면목동) 1층,010-4296-0404,https://m.martha-vape.com/bs21/layout/map_store2.html,,,,전자담배 전문점,면목 상권,3,4,5,12,A,2,미접촉,,공개 웹 검색 기반 초안,yes,linked_source,,확장/생활상권,12.90,P3,Wave 3,619,Batch 12,"score 12.9, linked source"
3,천호/강동,고릴라파이프 천호점,서울 강동구 진황도로 4,010-5392-0448,https://m.ejuiceko.com/find_store.html,,,,전자담배 전문점,천호 메인상권,3,4,5,12,A,2,미접촉,,공개 웹 검색 기반 초안,yes,linked_source,,확장/생활상권,12.90,P3,Wave 3,620,Batch 12,"score 12.9, linked source"
3,천호/강동,라미야강동점,서울 강동구 천호동 157-3 1층,010-6553-3904,https://m.martha-vape.com/bs21/layout/map_store2.html,,,,전자담배 전문점,천호 생활상권,3,4,5,12,A,2,미접촉,,공개 웹 검색 기반 초안,yes,linked_source,,확장/생활상권,12.90,P3,Wave 3,621,Batch 12,"score 12.9, linked source"
3,천호/강동,라미야강동점 성내,서울 강동구 성내동,010-4175-0852,https://m.martha-vape.com/bs21/layout/map_store2.html,,,,전자담배 전문점,천호 상권,3,4,5,12,A,2,미접촉,,공개 웹 검색 기반 초안. 기존 라미야강동점과 별도 번호,yes,linked_source,,확장/생활상권,12.90,P3,Wave 3,622,Batch 12,"score 12.9, linked source"
3,천호/강동,하카전자담배 강동천호점,서울 강동구 구천면로 281,010-5364-1342,https://m.xn--9i1bl26anubgtr9x44g.com/article/%EC%A0%84%EA%B5%AD%EB%A7%A4%EC%9E%A5%EC%95%88%EB%82%B4/5/340/,,,,전자담배 전문점,천호 상권,3,4,5,12,A,2,미접촉,,공개 웹 검색 기반 초안,yes,linked_source,,확장/생활상권,12.90,P3,Wave 3,623,Batch 12,"score 12.9, linked source"
2,은평/연신내,베이프247 은평,서울 은평구 증산로 413 동현빌딩 104호,010-4090-9136,,,,,전자담배 전문점,은평 상권,3,4,5,12,A,2,미접촉,,공개 웹 검색 기반 초안,yes,web_search_draft,draft_only,확장/생활상권,12.50,P3,Wave 3,624,Batch 12,"score 12.5, flags:draft_only"
3,노원,노원전자담배쇼핑몰,서울 노원구 상계로7길 22 우성아파트 101호,010-7572-1538,https://m.martha-vape.com/bs21/layout/map_store2.html,,,,전자담배 전문점,노원 생활상권,3,4,5,12,A,3,미접촉,,공개 웹 검색 기반 초안,yes,linked_source,,확장/생활상권,12.40,P3,Wave 3,625,Batch 12,"score 12.4, linked source"
3,도봉/창동,라미야 쌍문점,서울 도봉구 창동 659-12 청우빌딩 3층,010-5858-7917,https://m.martha-vape.com/bs21/layout/map_store2.html,,,,전자담배 전문점,쌍문/창동 상권,3,4,5,12,A,2,미접촉,,공개 웹 검색 기반 초안; 동일 연락처 중복 병합: 라미야 쌍문역점 | 서울 도봉구 도봉로 484 청우빌딩 3층,yes,linked_source,merged_dup_history,확장/생활상권,12.40,P3,Wave 3,626,Batch 12,"score 12.4, linked source, flags:merged_dup_history"
3,수유/미아,수유전자담배 어썸리퀴드,서울 강북구 도봉로 290 수유역푸르지오시티 112호,010-5501-0095,https://m.ejuiceko.com/find_store.html,,,,전자담배 전문점,수유 역세권,3,4,5,12,A,3,미접촉,,공개 웹 검색 기반 초안,yes,linked_source,,확장/생활상권,12.40,P3,Wave 3,627,Batch 12,"score 12.4, linked source"
3,수유/미아,전자담배그레이컴퍼니 수유점,서울 강북구 한천로 1096 1층,010-9823-9475,https://m.zapjuice.co.kr/article/%EC%A0%84%EA%B5%AD%EC%B7%A8%EA%B8%89%EC%A0%90%EC%95%88%EB%82%B4/1002/327/,,,,전자담배 전문점,수유 핵심상권,3,4,5,12,A,3,미접촉,,공개 웹 검색 기반 초안,yes,linked_source,,확장/생활상권,12.40,P3,Wave 3,628,Batch 12,"score 12.4, linked source"
3,강서/마곡,다니엘코리아 까치산역점,서울 강서구 까치산역,010-5246-3118,,,,,전자담배 전문점,까치산 상권,3,4,5,12,A,1,미접촉,,공개 웹 검색 기반 초안,yes,web_search_draft,draft_only,확장/생활상권,12.20,P3,Wave 3,629,Batch 12,"score 12.2, message_type1, flags:draft_only"
3,강서/마곡,모닉스전자담배,서울 강서구 가양동,010-3557-3555,,,,,전자담배 전문점,가양 상권,3,4,5,12,A,1,미접촉,,공개 웹 검색 기반 초안,yes,web_search_draft,draft_only,확장/생활상권,12.20,P3,Wave 3,630,Batch 12,"score 12.2, message_type1, flags:draft_only"
3,강서/마곡,베이프존 등촌점,서울 강서구 등촌동,010-5388-8732,,,,,전자담배 전문점,등촌 상권,3,4,5,12,A,1,미접촉,,공개 웹 검색 기반 초안,yes,web_search_draft,draft_only,확장/생활상권,12.20,P3,Wave 3,631,Batch 12,"score 12.2, message_type1, flags:draft_only"
3,강서/마곡,전자담배 강서로,서울 강서구 강서로 426 효성인텔리안 103호,010-8799-1546,,,,,전자담배 전문점,강서 상권,3,4,5,12,A,1,미접촉,,공개 웹 검색 기반 초안,yes,web_search_draft,draft_only,확장/생활상권,12.20,P3,Wave 3,632,Batch 12,"score 12.2, message_type1, flags:draft_only"
3,강서/마곡,파파베이퍼스 마곡,서울 강서구 마곡중앙6로 11 (마곡동) 보타닉파크타워3 지하1층 113호,010-8917-4246,,,,,전자담배 전문점,마곡 오피스상권,3,4,5,12,A,1,미접촉,,공개 웹 검색 기반 초안,yes,web_search_draft,draft_only,확장/생활상권,12.20,P3,Wave 3,633,Batch 12,"score 12.2, message_type1, flags:draft_only"
3,노원,베이핑크루 상계점,서울 노원구 상계동 1118-17 1층,010-9288-8558,,,,,전자담배 전문점,상계 상권,3,4,5,12,A,1,미접촉,,공개 웹 검색 기반 초안,yes,web_search_draft,draft_only,확장/생활상권,12.20,P3,Wave 3,634,Batch 12,"score 12.2, message_type1, flags:draft_only"
3,노원,시가K 노원전자담배,서울 노원구 상계동,010-6468-4578,,,,,전자담배 전문점,노원 상권,3,4,5,12,A,1,미접촉,,공개 웹 검색 기반 초안,yes,web_search_draft,draft_only,확장/생활상권,12.20,P3,Wave 3,635,Batch 12,"score 12.2, message_type1, flags:draft_only"
3,노원,양양베이프 월계점,서울 노원구 월계동,010-4191-1387,,,,,전자담배 전문점,월계 상권,3,4,5,12,A,1,미접촉,,공개 웹 검색 기반 초안,yes,web_search_draft,draft_only,확장/생활상권,12.20,P3,Wave 3,636,Batch 12,"score 12.2, message_type1, flags:draft_only"
3,도봉/창동,GV전자담배 그린베이퍼,서울 도봉구 덕릉로 228 (창동) 1층,010-7494-7894,,,,,전자담배 전문점,창동 상권,3,4,5,12,A,1,미접촉,,공개 웹 검색 기반 초안,yes,web_search_draft,draft_only,확장/생활상권,12.20,P3,Wave 3,637,Batch 12,"score 12.2, message_type1, flags:draft_only"
3,도봉/창동,전자담배 도봉로,서울 도봉구 도봉로145길 39 1층,010-3085-3898,,,,,전자담배 전문점,방학 상권,3,4,5,12,A,1,미접촉,,공개 웹 검색 기반 초안,yes,web_search_draft,draft_only,확장/생활상권,12.20,P3,Wave 3,638,Batch 12,"score 12.2, message_type1, flags:draft_only"
3,도봉/창동,포베이프,서울 도봉구 마들로11길 57 (창동),010-4727-4569,,,,,전자담배 전문점,창동 상권,3,4,5,12,A,1,미접촉,,공개 웹 검색 기반 초안,yes,web_search_draft,draft_only,확장/생활상권,12.20,P3,Wave 3,639,Batch 12,"score 12.2, message_type1, flags:draft_only"
3,도봉/창동,헤이즈베이프,서울 도봉구 도봉로 502 (창동),010-9899-9141,,,,,전자담배 전문점,창동 상권,3,4,5,12,A,1,미접촉,,공개 웹 검색 기반 초안,yes,web_search_draft,draft_only,확장/생활상권,12.20,P3,Wave 3,640,Batch 12,"score 12.2, message_type1, flags:draft_only"
3,동대문/청량리,답십리전자담배몰,서울 동대문구 천호대로 307 클래식타워 1층 108호,010-7328-9523,,,,,전자담배 전문점,답십리 상권,3,4,5,12,A,1,미접촉,,공개 웹 검색 기반 초안,yes,web_search_draft,draft_only,확장/생활상권,12.20,P3,Wave 3,641,Batch 12,"score 12.2, message_type1, flags:draft_only"
3,목동/오목교,목동 베이프타운,서울 양천구 목동,010-7236-9693,,,,,전자담배 전문점,목동 상권,3,4,5,12,A,1,미접촉,,공개 웹 검색 기반 초안,yes,web_search_draft,draft_only,확장/생활상권,12.20,P3,Wave 3,642,Batch 12,"score 12.2, message_type1, flags:draft_only"
3,사당/방배,노량진전자담배,서울 동작구 만양로 40 1층,010-2093-8783,,,,,전자담배 전문점,노량진 상권,3,4,5,12,A,1,미접촉,,공개 웹 검색 기반 초안,yes,web_search_draft,draft_only,확장/생활상권,12.20,P3,Wave 3,643,Batch 12,"score 12.2, message_type1, flags:draft_only"
3,사당/방배,베이퍼스 방배점,서울 서초구 방배동,010-4484-5600,,,,,전자담배 전문점,방배 상권,3,4,5,12,A,1,미접촉,,공개 웹 검색 기반 초안,yes,web_search_draft,draft_only,확장/생활상권,12.20,P3,Wave 3,644,Batch 12,"score 12.2, message_type1, flags:draft_only"
3,사당/방배,비글전자담배 방배점,서울 서초구 방배동,010-6774-2908,,,,,전자담배 전문점,방배 상권,3,4,5,12,A,1,미접촉,,공개 웹 검색 기반 초안,yes,web_search_draft,draft_only,확장/생활상권,12.20,P3,Wave 3,645,Batch 12,"score 12.2, message_type1, flags:draft_only"
3,사당/방배,시가로 전자담배 노량진점,서울 동작구 노량진로 162 한주실업 1층,010-9979-9959,,,,,전자담배 전문점,노량진 상권,3,4,5,12,A,1,미접촉,,공개 웹 검색 기반 초안,yes,web_search_draft,draft_only,확장/생활상권,12.20,P3,Wave 3,646,Batch 12,"score 12.2, message_type1, flags:draft_only"
3,사당/방배,전자담배 상도동,서울 동작구 상도로15길 92 태원 1층,010-9422-9547,,,,,전자담배 전문점,상도 상권,3,4,5,12,A,1,미접촉,,공개 웹 검색 기반 초안,yes,web_search_draft,draft_only,확장/생활상권,12.20,P3,Wave 3,647,Batch 12,"score 12.2, message_type1, flags:draft_only"
3,서울대입구/샤로수길,낙성대 전자담배 멀티샵,서울 관악구 인헌2길 13 (봉천동) 1층,010-9155-9845,,,,,전자담배 전문점,낙성대 상권,3,4,5,12,A,1,미접촉,,공개 웹 검색 기반 초안,yes,web_search_draft,draft_only,확장/생활상권,12.20,P3,Wave 3,648,Batch 12,"score 12.2, message_type1, flags:draft_only"
3,서초/양재,강남베이퍼스,서울 서초구 서초동,010-2573-0748,,,,,전자담배 전문점,서초 상권,3,4,5,12,A,1,미접촉,,공개 웹 검색 기반 초안,yes,web_search_draft,draft_only,확장/생활상권,12.20,P3,Wave 3,649,Batch 12,"score 12.2, message_type1, flags:draft_only"
3,서초/양재,서초스타전자담배,서울 서초구 방배동 인근,010-8820-6536,,,,,전자담배 전문점,서초/방배 상권,3,4,5,12,A,1,미접촉,,공개 웹 검색 기반 초안,yes,web_search_draft,draft_only,확장/생활상권,12.20,P3,Wave 3,650,Batch 12,"score 12.2, message_type1, flags:draft_only"
3,서초/양재,원더베이프 서초점,서울 서초구 서초동,010-8562-5512,,,,,전자담배 전문점,서초 상권,3,4,5,12,A,1,미접촉,,공개 웹 검색 기반 초안,yes,web_search_draft,draft_only,확장/생활상권,12.20,P3,Wave 3,651,Batch 12,"score 12.2, message_type1, flags:draft_only"
3,성북/길음,듀바코 성북점,서울 성북구 동선동5가,010-4594-9227,,,,,전자담배 전문점,성북 상권,3,4,5,12,A,1,미접촉,,공개 웹 검색 기반 초안,yes,web_search_draft,draft_only,확장/생활상권,12.20,P3,Wave 3,652,Batch 12,"score 12.2, message_type1, flags:draft_only"
3,성북/길음,베이퍼크루 길음점,서울 성북구 길음동,010-7352-7250,,,,,전자담배 전문점,길음 상권,3,4,5,12,A,1,미접촉,,공개 웹 검색 기반 초안,yes,web_search_draft,draft_only,확장/생활상권,12.20,P3,Wave 3,653,Batch 12,"score 12.2, message_type1, flags:draft_only"
3,성북/길음,성북 더베이프,서울 성북구 안암동,010-2624-5262,,,,,전자담배 전문점,안암/고대 상권,3,4,5,12,A,1,미접촉,,공개 웹 검색 기반 초안,yes,web_search_draft,draft_only,확장/생활상권,12.20,P3,Wave 3,654,Batch 12,"score 12.2, message_type1, flags:draft_only"
3,성북/길음,전담있슈 하월곡,서울 성북구 하월곡동,010-8720-9660,,,,,전자담배 전문점,하월곡 상권,3,4,5,12,A,1,미접촉,,공개 웹 검색 기반 초안,yes,web_search_draft,draft_only,확장/생활상권,12.20,P3,Wave 3,655,Batch 12,"score 12.2, message_type1, flags:draft_only"
3,수유/미아,베이퍼스 미아점,서울 강북구 미아동,010-4710-1822,,,,,전자담배 전문점,미아 상권,3,4,5,12,A,1,미접촉,,공개 웹 검색 기반 초안,yes,web_search_draft,draft_only,확장/생활상권,12.20,P3,Wave 3,656,Batch 12,"score 12.2, message_type1, flags:draft_only"
3,수유/미아,베이핑클럽 수유,서울 강북구 수유동,010-8497-0524,,,,,전자담배 전문점,수유 상권,3,4,5,12,A,1,미접촉,,공개 웹 검색 기반 초안,yes,web_search_draft,draft_only,확장/생활상권,12.20,P3,Wave 3,657,Batch 12,"score 12.2, message_type1, flags:draft_only"
3,수유/미아,베이핑하우스,서울 강북구 수유동,010-5821-5200,,,,,전자담배 전문점,수유 상권,3,4,5,12,A,1,미접촉,,공개 웹 검색 기반 초안,yes,web_search_draft,draft_only,확장/생활상권,12.20,P3,Wave 3,658,Batch 12,"score 12.2, message_type1, flags:draft_only"
3,신림,관악봉천동 전자담배,서울 관악구 남부순환로 1820 (봉천동) 지하1층 1057,010-8718-7820,,,,,전자담배 전문점,봉천 상권,3,4,5,12,A,1,미접촉,,공개 웹 검색 기반 초안,yes,web_search_draft,draft_only,확장/생활상권,12.20,P3,Wave 3,659,Batch 12,"score 12.2, message_type1, flags:draft_only"
3,신림,다니엘코리아 관악점,서울 관악구 신림로 340 (신림동) 르네상스쇼핑몰 1층 34호,010-5332-2278,,,,,전자담배 전문점,신림 상권,3,4,5,12,A,1,미접촉,,공개 웹 검색 기반 초안,yes,web_search_draft,draft_only,확장/생활상권,12.20,P3,Wave 3,660,Batch 12,"score 12.2, message_type1, flags:draft_only"
3,신림,베이프갱스터 관악점,서울 관악구 봉천로 216 (신림동),010-4949-5973,,,,,전자담배 전문점,신림 상권,3,4,5,12,A,1,미접촉,,공개 웹 검색 기반 초안,yes,web_search_draft,draft_only,확장/생활상권,12.20,P3,Wave 3,661,Batch 12,"score 12.2, message_type1, flags:draft_only"
3,신림,베이프렌드 서울대입구역점,서울 관악구 관악로 167 1층 (봉천동),010-3707-5345,,,,,전자담배 전문점,서울대입구 상권,3,4,5,12,A,1,미접촉,,공개 웹 검색 기반 초안,yes,web_search_draft,draft_only,확장/생활상권,12.20,P3,Wave 3,662,Batch 12,"score 12.2, message_type1, flags:draft_only"
3,신림,신림전자담배,서울 관악구 신림동,010-6402-1036,,,,,전자담배 전문점,신림 상권,3,4,5,12,A,1,미접촉,,공개 웹 검색 기반 초안,yes,web_search_draft,draft_only,확장/생활상권,12.20,P3,Wave 3,663,Batch 12,"score 12.2, message_type1, flags:draft_only"
3,신림,신림전자담배 멀티샵2,서울 관악구 신림동,010-8580-8240,,,,,전자담배 전문점,신림 상권,3,4,5,12,A,1,미접촉,,공개 웹 검색 기반 초안,yes,web_search_draft,draft_only,확장/생활상권,12.20,P3,Wave 3,664,Batch 12,"score 12.2, message_type1, flags:draft_only"
3,신림,판다전자담배 신림점,서울 관악구 신림로 126,010-2217-3437,,,,,전자담배 전문점,신림 상권,3,4,5,12,A,1,미접촉,,공개 웹 검색 기반 초안,yes,web_search_draft,draft_only,확장/생활상권,12.20,P3,Wave 3,665,Batch 12,"score 12.2, message_type1, flags:draft_only"
3,중랑/면목,베이프살롱 중랑점,서울 중랑구 중랑역로 199 (묵동) 1층,010-3168-1252,,,,,전자담배 전문점,중랑 상권,3,4,5,12,A,1,미접촉,,공개 웹 검색 기반 초안,yes,web_search_draft,draft_only,확장/생활상권,12.20,P3,Wave 3,666,Batch 12,"score 12.2, message_type1, flags:draft_only"
3,중랑/면목,베이프엔젤 면목동,서울 중랑구 면목동,010-2467-3318,,,,,전자담배 전문점,면목 상권,3,4,5,12,A,1,미접촉,,공개 웹 검색 기반 초안,yes,web_search_draft,draft_only,확장/생활상권,12.20,P3,Wave 3,667,Batch 12,"score 12.2, message_type1, flags:draft_only"
3,중랑/면목,베이프파크,서울 중랑구 면목동,010-8777-4369,,,,,전자담배 전문점,면목 상권,3,4,5,12,A,1,미접촉,,공개 웹 검색 기반 초안,yes,web_search_draft,draft_only,확장/생활상권,12.20,P3,Wave 3,668,Batch 12,"score 12.2, message_type1, flags:draft_only"
3,중랑/면목,베이핑크루 중랑,서울 중랑구 동일로151길 18,010-9426-7482,,,,,전자담배 전문점,중랑 상권,3,4,5,12,A,1,미접촉,,공개 웹 검색 기반 초안,yes,web_search_draft,draft_only,확장/생활상권,12.20,P3,Wave 3,669,Batch 12,"score 12.2, message_type1, flags:draft_only"
3,중랑/면목,사가정전자담배 멀티샵,서울 중랑구 사가정로 370 (면목동) 1층,010-8961-6258,,,,,전자담배 전문점,면목/사가정 상권,3,4,5,12,A,1,미접촉,,공개 웹 검색 기반 초안,yes,web_search_draft,draft_only,확장/생활상권,12.20,P3,Wave 3,670,Batch 12,"score 12.2, message_type1, flags:draft_only"
3,중랑/면목,스카이전자담배,서울 중랑구 동일로 829 강오주상복합 102호,010-6399-2323,,,,,전자담배 전문점,중랑 상권,3,4,5,12,A,1,미접촉,,공개 웹 검색 기반 초안,yes,web_search_draft,draft_only,확장/생활상권,12.20,P3,Wave 3,671,Batch 12,"score 12.2, message_type1, flags:draft_only"
3,중랑/면목,크로시가전자담배 면목,서울 중랑구 면목동,010-2225-7304,,,,,전자담배 전문점,면목 상권,3,4,5,12,A,1,미접촉,,공개 웹 검색 기반 초안,yes,web_search_draft,draft_only,확장/생활상권,12.20,P3,Wave 3,672,Batch 12,"score 12.2, message_type1, flags:draft_only"
3,천호/강동,굽은다리전자담배 JMI,서울 강동구 길동,010-9915-9823,,,,,전자담배 전문점,길동 상권,3,4,5,12,A,1,미접촉,,공개 웹 검색 기반 초안,yes,web_search_draft,draft_only,확장/생활상권,12.20,P3,Wave 3,673,Batch 12,"score 12.2, message_type1, flags:draft_only"
3,천호/강동,미키젠 길동,서울 강동구 길동,010-9377-9077,,,,,전자담배 전문점,길동 상권,3,4,5,12,A,1,미접촉,,공개 웹 검색 기반 초안,yes,web_search_draft,draft_only,확장/생활상권,12.20,P3,Wave 3,674,Batch 12,"score 12.2, message_type1, flags:draft_only"
3,천호/강동,에픽우즈 천호,서울 강동구 천호동,010-8735-6520,,,,,전자담배 전문점,천호 상권,3,4,5,12,A,1,미접촉,,공개 웹 검색 기반 초안,yes,web_search_draft,draft_only,확장/생활상권,12.20,P3,Wave 3,675,Batch 12,"score 12.2, message_type1, flags:draft_only"
3,천호/강동,쿨베이핑전자담배길동점,서울 강동구 길동,010-4833-0852,,,,,전자담배 전문점,길동 상권,3,4,5,12,A,1,미접촉,,공개 웹 검색 기반 초안,yes,web_search_draft,draft_only,확장/생활상권,12.20,P3,Wave 3,676,Batch 12,"score 12.2, message_type1, flags:draft_only"
3,천호/강동,하카전자담배강동점,서울 강동구 천호동,010-3725-2851,,,,,전자담배 전문점,천호 상권,3,4,5,12,A,1,미접촉,,공개 웹 검색 기반 초안,yes,web_search_draft,draft_only,확장/생활상권,12.20,P3,Wave 3,677,Batch 12,"score 12.2, message_type1, flags:draft_only"
3,강서/마곡,구름전자 강서 가로공원로,서울 강서구 가로공원로 217 (화곡동),010-8361-9094,,,,,전자담배 전문점,화곡 상권,3,4,5,12,A,1,미접촉,,공개 웹 검색 기반 초안; 동일 연락처 중복 병합: 구름전자 강서본점 | 서울 강서구 화곡동,yes,web_search_draft,merged_dup_history,확장/생활상권,12.10,P3,Wave 3,678,Batch 12,"score 12.1, message_type1, flags:merged_dup_history"
3,동대문/청량리,전자담배 화성골드빌라,서울 동대문구 답십리로66길 115 화성골드빌라트 1층,010-8608-1607,,,,,전자담배 전문점,답십리 상권,3,4,5,12,A,1,미접촉,,공개 웹 검색 기반 초안; 동일 연락처 중복 병합: 하카 전자담배 답십리 | 서울 동대문구 답십리 주변,yes,web_search_draft,merged_dup_history,확장/생활상권,12.10,P3,Wave 3,679,Batch 12,"score 12.1, message_type1, flags:merged_dup_history"
3,목동/오목교,자이언트바바 양천,서울 양천구 신월로,010-4534-5293,,,,,전자담배 전문점,양천 상권,3,4,5,12,A,2,미접촉,,공개 웹 검색 기반 초안,yes,web_search_draft,draft_only,확장/생활상권,11.80,P3,Wave 3,680,Batch 12,"score 11.8, flags:draft_only"
3,중랑/면목,위베이프 용마산역점,서울 중랑구 용마산로,010-2491-6316,,,,,전자담배 전문점,중랑 상권,3,4,5,12,A,2,미접촉,,공개 웹 검색 기반 초안,yes,web_search_draft,draft_only,확장/생활상권,11.80,P3,Wave 3,681,Batch 12,"score 11.8, flags:draft_only"
