priority_tier,area,store_name,address,phone,map_link,instagram_or_site,review_count,rating,store_type,store_tone,location_score,specialty_score,contactability_score,total_score,priority_grade,message_type,contact_status,last_contact_date,notes,sms_ready,source_bucket,cleanup_flags,cluster,send_score,send_priority_bucket,recommended_wave,send_order,batch_hint,priority_reason,audit_status,audit_flags,evidence_basis,row_number,phone_type,send_bucket,action_priority
1,강남역,강남 전자담배,,0507-1309-5428,https://pcmap.place.naver.com/place/35807109/home,,,,전자담배 전문점,강남역 네이버 검색 검증,5,4,5,14,A,1,미접촉,,네이버 지도 검색 기반 신규 추가 2026-04-10 저녁 (주소 확인 필요),yes,linked_source,,코어 오피스/상업권,16.80,P1,Wave 1,9,Batch 1,"score 16.8, tier1 area, message_type1, linked source",not_audited,,,,business_0507,audit_first,C_audit
1,강남역,강남 전자담배,,0507-1427-7962,https://pcmap.place.naver.com/place/1441492694/home,,,,전자담배 전문점,강남역 네이버 검색 검증,5,4,5,14,A,1,미접촉,,네이버 지도 검색 기반 신규 추가 2026-04-10 저녁 (주소 확인 필요),yes,linked_source,,코어 오피스/상업권,16.80,P1,Wave 1,10,Batch 1,"score 16.8, tier1 area, message_type1, linked source",not_audited,,,,business_0507,audit_first,C_audit
1,신논현/논현,하카 강남 논현동직영점,서울 강남구 학동로6길 8 1층,0507-1444-2161,https://pcmap.place.naver.com/place/1651759515/home,,,,전자담배 전문점,신논현/논현 네이버 검색 롱테일 검증,5,4,5,14,A,1,미접촉,,네이버 검색 롱테일 round2 2026-04-10 · query=학동역 전자담배,yes,linked_source,,코어 오피스/상업권,16.80,P1,Wave 1,21,Batch 1,"score 16.8, tier1 area, message_type1, linked source",not_audited,,,,business_0507,audit_first,C_audit
1,신논현/논현,하카 강남 언주역직영점,서울 강남구 봉은사로 232 1층,0507-1303-2161,https://pcmap.place.naver.com/place/1058826065/home,,,,전자담배 전문점,신논현/논현 네이버 검색 롱테일 검증,5,4,5,14,A,1,미접촉,,네이버 검색 롱테일 확장 2026-04-10 · query=언주역 전자담배,yes,linked_source,,코어 오피스/상업권,16.80,P1,Wave 1,22,Batch 1,"score 16.8, tier1 area, message_type1, linked source",not_audited,,,,business_0507,audit_first,C_audit
1,신논현/논현,하카 강남 학동역직영점,서울 강남구 논현로 648 1층 101호,0507-1340-2161,https://pcmap.place.naver.com/place/1374572765/home,,,,전자담배 전문점,신논현/논현 네이버 검색 롱테일 검증,5,4,5,14,A,1,미접촉,,네이버 검색 롱테일 확장 2026-04-10 · query=언주역 전자담배,yes,linked_source,,코어 오피스/상업권,16.80,P1,Wave 1,23,Batch 1,"score 16.8, tier1 area, message_type1, linked source",not_audited,,,,business_0507,audit_first,C_audit
1,역삼/선릉,제로전자담배 역삼점,서울 강남구 봉은사로30길 74 1층,0507-1353-7061,https://pcmap.place.naver.com/place/1281534597/home,,,,전자담배 전문점,역삼/선릉 네이버 검색 롱테일 검증,5,4,5,14,A,1,미접촉,,네이버 검색 롱테일 확장 2026-04-10 · query=언주역 전자담배,yes,linked_source,,코어 오피스/상업권,16.80,P1,Wave 1,33,Batch 1,"score 16.8, tier1 area, message_type1, linked source",not_audited,,,,business_0507,audit_first,C_audit
1,강남역,강남 전자담배,,0507-1313-2289,,,,,전자담배 전문점,강남역 네이버 검색 검증,5,4,5,14,A,1,미접촉,,네이버 지도 검색 기반 신규 추가 2026-04-10 저녁 (주소 확인 필요),yes,web_search_draft,,코어 오피스/상업권,16.10,P1,Wave 1,38,Batch 1,"score 16.1, tier1 area, message_type1",not_audited,,,,business_0507,audit_first,C_audit
1,건대입구,GVAPE,서울 광진구 아차산로51길 67 1층 101호 GVAPE,0507-1471-9040,https://pcmap.place.naver.com/place/1875891922/home,,,,전자담배 전문점,건대입구 네이버 검색 롱테일 검증,5,4,5,14,A,1,미접촉,,네이버 검색 롱테일 확장 2026-04-10 · query=구의 전자담배,yes,linked_source,,트렌드/대학가,16.80,P1,Wave 1,55,Batch 2,"score 16.8, tier1 area, message_type1, linked source",not_audited,,,,business_0507,audit_first,C_audit
1,건대입구,공간베이프,서울 광진구 뚝섬로 618 1층,0507-1358-4749,https://pcmap.place.naver.com/place/1951066467/home,,,,전자담배 전문점,건대입구 네이버 검색 롱테일 검증,5,4,5,14,A,1,미접촉,,네이버 검색 롱테일 확장 2026-04-10 · query=구의 전자담배,yes,linked_source,,트렌드/대학가,16.80,P1,Wave 1,56,Batch 2,"score 16.8, tier1 area, message_type1, linked source",not_audited,,,,business_0507,audit_first,C_audit
1,건대입구,구의전자담배 할인마트,서울 광진구 아차산로 399 1층,0507-1334-7029,https://pcmap.place.naver.com/place/1545474685/home,,,,전자담배 전문점,건대입구 네이버 검색 롱테일 검증,5,4,5,14,A,1,미접촉,,네이버 검색 롱테일 확장 2026-04-10 · query=구의 전자담배,yes,linked_source,,트렌드/대학가,16.80,P1,Wave 1,57,Batch 2,"score 16.8, tier1 area, message_type1, linked source",not_audited,,,,business_0507,audit_first,C_audit
1,건대입구,베이프런던 구의역점,서울 광진구 자양로 112 102호 베이프런던,0507-1334-5146,https://pcmap.place.naver.com/place/1660834306/home,,,,전자담배 전문점,건대입구 네이버 검색 롱테일 검증,5,4,5,14,A,1,미접촉,,네이버 검색 롱테일 확장 2026-04-10 · query=구의 전자담배,yes,linked_source,,트렌드/대학가,16.80,P1,Wave 1,59,Batch 2,"score 16.8, tier1 area, message_type1, linked source",not_audited,,,,business_0507,audit_first,C_audit
1,건대입구,베이프메이트,서울 광진구 면목로 132 1층,0507-1369-8047,https://pcmap.place.naver.com/place/1280294927/home,,,,전자담배 전문점,건대입구 네이버 검색 롱테일 검증,5,4,5,14,A,1,미접촉,,네이버 검색 롱테일 확장 2026-04-10 · query=중곡역 전자담배,yes,linked_source,,트렌드/대학가,16.80,P1,Wave 1,60,Batch 2,"score 16.8, tier1 area, message_type1, linked source",not_audited,,,,business_0507,audit_first,C_audit
1,건대입구,위베이프 베이퍼럽,서울 광진구 능동로53길 19 1층,0507-1306-3886,https://pcmap.place.naver.com/place/1136138084/home,,,,전자담배 전문점,건대입구 네이버 검색 롱테일 검증,5,4,5,14,A,1,미접촉,,네이버 검색 롱테일 확장 2026-04-10 · query=중곡역 전자담배,yes,linked_source,,트렌드/대학가,16.80,P1,Wave 1,64,Batch 2,"score 16.8, tier1 area, message_type1, linked source",not_audited,,,,business_0507,audit_first,C_audit
1,건대입구,위베이프 전자담배 건대점,서울 광진구 광나루로24길 29,0507-1367-4537,https://pcmap.place.naver.com/place/2082156395/home,,,,전자담배 전문점,건대입구 네이버 검색 롱테일 검증,5,4,5,14,A,1,미접촉,,네이버 검색 롱테일 확장 2026-04-10 · query=아차산역 전자담배,yes,linked_source,,트렌드/대학가,16.80,P1,Wave 1,65,Batch 2,"score 16.8, tier1 area, message_type1, linked source",not_audited,,,,business_0507,audit_first,C_audit
1,신촌/이대,위베이프 북가좌점,서울 서대문구 응암로 99,0507-1356-6646,https://pcmap.place.naver.com/place/1251884574/home,,,,전자담배 전문점,신촌/이대 네이버 검색 롱테일 검증,5,4,5,14,A,1,미접촉,,네이버 검색 롱테일 확장 2026-04-10 · query=증산역 전자담배,yes,linked_source,,트렌드/대학가,16.80,P1,Wave 1,74,Batch 2,"score 16.8, tier1 area, message_type1, linked source",not_audited,,,,business_0507,audit_first,C_audit
1,신촌/이대,위베이프 신촌포스빌점,서울 마포구 신촌로 150 106호,0507-1391-3681,https://pcmap.place.naver.com/place/1417432453/home,,,,전자담배 전문점,신촌/이대 네이버 검색 롱테일 3차 검증,5,4,5,14,A,1,미접촉,,네이버 검색 롱테일 3차 확장 2026-04-10 · query=대흥역 전자담배,yes,linked_source,,트렌드/대학가,16.80,P1,Wave 1,75,Batch 2,"score 16.8, tier1 area, message_type1, linked source",not_audited,,,,business_0507,audit_first,C_audit
1,신촌/이대,플렉스베이프,서울 서대문구 신촌로 143 2층(대현동) 플렉스베이프,0507-1395-1972,https://pcmap.place.naver.com/place/1157721931/home,,,,전자담배 전문점,신촌/이대 네이버 검색 롱테일 3차 검증,5,4,5,14,A,1,미접촉,,네이버 검색 롱테일 3차 확장 2026-04-10 · query=대흥역 전자담배,yes,linked_source,,트렌드/대학가,16.80,P1,Wave 1,76,Batch 2,"score 16.8, tier1 area, message_type1, linked source",not_audited,,,,business_0507,audit_first,C_audit
1,신촌/이대,하카 서대문가좌역직영점,서울 서대문구 거북골로 120 상가2동 지2층 2-7에이호,0507-1482-2167,https://pcmap.place.naver.com/place/2004365235/home,,,,전자담배 전문점,신촌/이대 네이버 검색 롱테일 검증,5,4,5,14,A,1,미접촉,,네이버 검색 롱테일 확장 2026-04-10 · query=증산역 전자담배,yes,linked_source,,트렌드/대학가,16.80,P1,Wave 1,77,Batch 2,"score 16.8, tier1 area, message_type1, linked source",not_audited,,,,business_0507,audit_first,C_audit
1,왕십리/한양대,다온 수 전자담배,서울 성동구 천호대로 286 1층,0507-1433-0608,https://pcmap.place.naver.com/place/1739492233/home,,,,전자담배 전문점,왕십리/한양대 네이버 검색 롱테일 3차 검증,5,4,5,14,A,1,미접촉,,네이버 검색 롱테일 3차 확장 2026-04-10 · query=답십리역 전자담배,yes,linked_source,,트렌드/대학가,16.80,P1,Wave 1,78,Batch 2,"score 16.8, tier1 area, message_type1, linked source",not_audited,,,,business_0507,audit_first,C_audit
1,왕십리/한양대,아이다전자담배 왕십리행당점,서울 성동구 왕십리로 259 1층,0507-1486-0009,https://pcmap.place.naver.com/place/36139483/home,,,,전자담배 전문점,왕십리/한양대 네이버 검색 롱테일 3차 검증,5,4,5,14,A,1,미접촉,,네이버 검색 롱테일 3차 확장 2026-04-10 · query=행당역 전자담배,yes,linked_source,,트렌드/대학가,16.80,P1,Wave 1,79,Batch 2,"score 16.8, tier1 area, message_type1, linked source",not_audited,,,,business_0507,audit_first,C_audit
1,왕십리/한양대,월드베이프 한양대점,서울 성동구 마조로 22 1층 1호,0507-1376-9502,https://pcmap.place.naver.com/place/2032832010/home,,,,전자담배 전문점,왕십리/한양대 네이버 검색 롱테일 3차 검증,5,4,5,14,A,1,미접촉,,네이버 검색 롱테일 3차 확장 2026-04-10 · query=왕십리역 전자담배,yes,linked_source,,트렌드/대학가,16.80,P1,Wave 1,81,Batch 2,"score 16.8, tier1 area, message_type1, linked source",not_audited,,,,business_0507,audit_first,C_audit
1,왕십리/한양대,위베이프 금호점,서울 성동구 장터길 45-1 1층,0507-1458-0750,https://pcmap.place.naver.com/place/36170422/home,,,,전자담배 전문점,왕십리/한양대 네이버 검색 롱테일 검증,5,4,5,14,A,1,미접촉,,네이버 검색 롱테일 확장 2026-04-10 · query=금호 전자담배,yes,linked_source,,트렌드/대학가,16.80,P1,Wave 1,83,Batch 2,"score 16.8, tier1 area, message_type1, linked source",not_audited,,,,business_0507,audit_first,C_audit
1,마포/공덕,깜스베이프,서울 마포구 신촌로 250 1층 깜스베이프,0507-1430-4023,https://pcmap.place.naver.com/place/1818079045/home,,,,전자담배 전문점,마포/공덕 네이버 검색 롱테일 3차 검증,5,4,5,14,A,1,미접촉,,네이버 검색 롱테일 3차 확장 2026-04-10 · query=애오개역 전자담배,yes,linked_source,,혼합 고회전 상권,16.80,P1,Wave 1,116,Batch 3,"score 16.8, tier1 area, message_type1, linked source",not_audited,,,,business_0507,audit_first,C_audit
1,마포/공덕,마녀주스 전자담배,서울 마포구 백범로 199 지하1층 118호,0507-1435-1137,https://pcmap.place.naver.com/place/33211686/home,,,,전자담배 전문점,마포/공덕 네이버 검색 롱테일 3차 검증,5,4,5,14,A,1,미접촉,,네이버 검색 롱테일 3차 확장 2026-04-10 · query=마포역 전자담배,yes,linked_source,,혼합 고회전 상권,16.80,P1,Wave 1,118,Batch 3,"score 16.8, tier1 area, message_type1, linked source",not_audited,,,,business_0507,audit_first,C_audit
1,마포/공덕,위베이프 전자담배 마포역점,서울 마포구 마포대로 68 상가 109호,0507-1485-7205,https://pcmap.place.naver.com/place/2074306459/home,,,,전자담배 전문점,마포/공덕 네이버 검색 롱테일 3차 검증,5,4,5,14,A,1,미접촉,,네이버 검색 롱테일 3차 확장 2026-04-10 · query=마포역 전자담배,yes,linked_source,,혼합 고회전 상권,16.80,P1,Wave 1,120,Batch 3,"score 16.8, tier1 area, message_type1, linked source",not_audited,,,,business_0507,audit_first,C_audit
1,잠실/송리단길,너구리전자담배 방이점,서울 송파구 오금로11길 45 사보이시티잠실 1층 104호,0507-1411-0262,https://pcmap.place.naver.com/place/1137619712/home,,,,전자담배 전문점,잠실/송리단길 네이버 검색 롱테일 검증,5,4,5,14,A,1,미접촉,,네이버 검색 롱테일 확장 2026-04-10 · query=방이동 전자담배,yes,linked_source,,혼합 고회전 상권,16.80,P1,Wave 1,132,Batch 3,"score 16.8, tier1 area, message_type1, linked source",not_audited,,,,business_0507,audit_first,C_audit
1,잠실/송리단길,도깨비전자담배 송파 잠실본점,서울 송파구 올림픽로30길 9 1동 206호,0507-1330-9876,https://pcmap.place.naver.com/place/1675208283/home,,,,전자담배 전문점,잠실/송리단길 네이버 검색 롱테일 검증,5,4,5,14,A,1,미접촉,,네이버 검색 롱테일 확장 2026-04-10 · query=방이동 전자담배,yes,linked_source,,혼합 고회전 상권,16.80,P1,Wave 1,133,Batch 3,"score 16.8, tier1 area, message_type1, linked source",not_audited,,,,business_0507,audit_first,C_audit
1,잠실/송리단길,방이 베이프 전자담배 송파잠실점,서울 송파구 오금로11길 33 신동아타워 1층 110호,0507-1411-6979,https://pcmap.place.naver.com/place/1095747692/home,,,,전자담배 전문점,잠실/송리단길 네이버 검색 롱테일 검증,5,4,5,14,A,1,미접촉,,네이버 검색 롱테일 확장 2026-04-10 · query=방이동 전자담배,yes,linked_source,,혼합 고회전 상권,16.80,P1,Wave 1,134,Batch 3,"score 16.8, tier1 area, message_type1, linked source",not_audited,,,,business_0507,audit_first,C_audit
1,잠실/송리단길,베이프유 송파점,서울 송파구 가락로 112 1층 6호 베이프유,0507-1440-0087,https://pcmap.place.naver.com/place/1413727927/home,,,,전자담배 전문점,잠실/송리단길 네이버 검색 롱테일 검증,5,4,5,14,A,1,미접촉,,네이버 검색 롱테일 확장 2026-04-10 · query=송파역 전자담배,yes,linked_source,,혼합 고회전 상권,16.80,P1,Wave 1,136,Batch 3,"score 16.8, tier1 area, message_type1, linked source",not_audited,,,,business_0507,audit_first,C_audit
1,잠실/송리단길,베이프크루 송파점,서울 송파구 송파대로 345 상가 1A동 1066호,0507-1364-9937,https://pcmap.place.naver.com/place/1451835923/home,,,,전자담배 전문점,잠실/송리단길 네이버 검색 롱테일 검증,5,4,5,14,A,1,미접촉,,네이버 검색 롱테일 확장 2026-04-10 · query=송파역 전자담배,yes,linked_source,,혼합 고회전 상권,16.80,P1,Wave 1,137,Batch 3,"score 16.8, tier1 area, message_type1, linked source",not_audited,,,,business_0507,audit_first,C_audit
1,잠실/송리단길,송파구전자담배,서울 송파구 가락로 168 부성빌딩 1층 8호,0507-1400-3080,https://pcmap.place.naver.com/place/1181866556/home,,,,전자담배 전문점,잠실/송리단길 네이버 검색 롱테일 검증,5,4,5,14,A,1,미접촉,,네이버 검색 롱테일 확장 2026-04-10 · query=석촌역 전자담배,yes,linked_source,,혼합 고회전 상권,16.80,P1,Wave 1,140,Batch 3,"score 16.8, tier1 area, message_type1, linked source",not_audited,,,,business_0507,audit_first,C_audit
1,잠실/송리단길,전담이지 잠실석촌점,서울 송파구 백제고분로41길 40 1층 103호,0507-1466-2467,https://pcmap.place.naver.com/place/1402857705/home,,,,전자담배 전문점,잠실/송리단길 네이버 검색 롱테일 검증,5,4,5,14,A,1,미접촉,,네이버 검색 롱테일 확장 2026-04-10 · query=석촌역 전자담배,yes,linked_source,,혼합 고회전 상권,16.80,P1,Wave 1,143,Batch 3,"score 16.8, tier1 area, message_type1, linked source",not_audited,,,,business_0507,audit_first,C_audit
1,잠실/송리단길,제로전자담배 헬리오시티점,서울 송파구 송파대로 345 헬리오시티상가 1B동 지하1층 172호,0507-1343-1443,https://pcmap.place.naver.com/place/1889675722/home,,,,전자담배 전문점,잠실/송리단길 네이버 검색 롱테일 검증,5,4,5,14,A,1,미접촉,,네이버 검색 롱테일 확장 2026-04-10 · query=송파역 전자담배,yes,linked_source,,혼합 고회전 상권,16.80,P1,Wave 1,144,Batch 3,"score 16.8, tier1 area, message_type1, linked source",not_audited,,,,business_0507,audit_first,C_audit
1,잠실/송리단길,하카전자담배 송파점,서울 송파구 송파대로 380 행우빌딩,0507-1408-9079,https://pcmap.place.naver.com/place/37779388/home,,,,전자담배 전문점,잠실/송리단길 네이버 검색 롱테일 검증,5,4,5,14,A,1,미접촉,,네이버 검색 롱테일 확장 2026-04-10 · query=송파역 전자담배,yes,linked_source,,혼합 고회전 상권,16.80,P1,Wave 1,146,Batch 3,"score 16.8, tier1 area, message_type1, linked source",not_audited,,,,business_0507,audit_first,C_audit
1,종로/을지로/충무로,종로 전자담배,,0507-1379-5232,https://pcmap.place.naver.com/place/2081097508/home,,,,전자담배 전문점,종로/을지로/충무로 네이버 검색 검증,4,4,5,13,A,1,미접촉,,네이버 지도 검색 기반 신규 추가 2026-04-10 저녁 (주소 확인 필요),yes,linked_source,,혼합 고회전 상권,15.80,P1,Wave 1,148,Batch 3,"score 15.8, tier1 area, message_type1, linked source",not_audited,,,,business_0507,audit_first,C_audit
1,서울역/용산,위베이프 명동점,"서울 중구 소공로 58 지하층 라열 9,10호",0507-1405-3636,https://pcmap.place.naver.com/place/37125744/home,,,,전자담배 전문점,이태원 네이버 검색 검증,5,4,5,14,A,1,미접촉,,네이버 지도 검색 기반 신규 추가 2026-04-10 저녁,yes,linked_source,,확장/생활상권,16.80,P1,Wave 1,151,Batch 4,"score 16.8, tier1 area, message_type1, linked source",not_audited,,,,business_0507,audit_first,C_audit
2,압구정/청담,전담 GATE 압구정로데오점,서울 강남구 선릉로157길 27 102호,0507-1323-8636,https://pcmap.place.naver.com/place/1428380179/home,,,,전자담배 전문점,압구정/청담 네이버 검색 롱테일 검증,4,4,5,13,A,2,미접촉,,네이버 검색 롱테일 round2 2026-04-10 · query=압구정역 전자담배,yes,linked_source,,코어 오피스/상업권,14.60,P2,Wave 2,167,Batch 5,"score 14.6, linked source",not_audited,,,,business_0507,audit_first,C_audit
2,압구정/청담,하카 강남 압구정로데오직영점,서울 강남구 도산대로 335 1층,0507-1465-2161,https://pcmap.place.naver.com/place/1155039686/home,,,,전자담배 전문점,압구정/청담 네이버 검색 롱테일 검증,4,4,5,13,A,2,미접촉,,네이버 검색 롱테일 round2 2026-04-10 · query=압구정역 전자담배,yes,linked_source,,코어 오피스/상업권,14.60,P2,Wave 2,168,Batch 5,"score 14.6, linked source",not_audited,,,,business_0507,audit_first,C_audit
2,압구정/청담,하카 강남 압구정역직영점,"서울 강남구 압구정로 164 106, 107호",0507-1301-2161,https://pcmap.place.naver.com/place/1249511161/home,,,,전자담배 전문점,압구정/청담 네이버 검색 롱테일 검증,4,4,5,13,A,2,미접촉,,네이버 검색 롱테일 round2 2026-04-10 · query=압구정역 전자담배,yes,linked_source,,코어 오피스/상업권,14.60,P2,Wave 2,169,Batch 5,"score 14.6, linked source",not_audited,,,,business_0507,audit_first,C_audit
1,종로/을지로/충무로,종로 전자담배,,0507-1303-4241,,,,,전자담배 전문점,종로/을지로/충무로 네이버 검색 검증,4,4,5,13,A,1,미접촉,,네이버 지도 검색 기반 신규 추가 2026-04-10 저녁 (주소 확인 필요),yes,web_search_draft,,혼합 고회전 상권,15.10,P2,Wave 2,201,Batch 7,"score 15.1, tier1 area, message_type1",not_audited,,,,business_0507,audit_first,C_audit
2,마포/공덕,베이프월드 신촌점,서울 마포구 서강로11길 11 101호,0507-1476-0062,https://pcmap.place.naver.com/place/2039729349/home,,,,전자담배 전문점,마포/공덕 네이버 검색 검증,4,4,5,13,A,1,미접촉,,네이버 지도 검색 기반 신규 추가 2026-04-10 저녁,yes,linked_source,,혼합 고회전 상권,15.00,P2,Wave 2,202,Batch 7,"score 15.0, message_type1, linked source",not_audited,,,,business_0507,audit_first,C_audit
2,구로디지털단지,베이프렌드 전자담배 독산역점,서울 금천구 벚꽃로 122,0507-1458-1229,https://pcmap.place.naver.com/place/37097819/home,,,,전자담배 전문점,구로디지털단지 네이버 검색 롱테일 검증,4,4,5,13,A,2,미접촉,,네이버 검색 롱테일 확장 2026-04-10 · query=독산 전자담배,yes,linked_source,,혼합 고회전 상권,14.60,P2,Wave 2,206,Batch 7,"score 14.6, linked source",not_audited,,,,business_0507,audit_first,C_audit
2,구로디지털단지,시흥동전자담배,서울 금천구 금하로 680 1층,0507-1324-3730,https://pcmap.place.naver.com/place/1940541711/home,,,,전자담배 전문점,구로디지털단지 네이버 검색 롱테일 3차 검증,4,4,5,13,A,2,미접촉,,네이버 검색 롱테일 3차 확장 2026-04-10 · query=금천구청역 전자담배,yes,linked_source,,혼합 고회전 상권,14.60,P2,Wave 2,207,Batch 7,"score 14.6, linked source",not_audited,,,,business_0507,audit_first,C_audit
2,구로디지털단지,오지구전자담배 고척점,서울 구로구 경인로47길 25 1층,0507-1390-8380,https://pcmap.place.naver.com/place/1601262803/home,,,,전자담배 전문점,구로디지털단지 네이버 검색 롱테일 검증,4,4,5,13,A,2,미접촉,,네이버 검색 롱테일 확장 2026-04-10 · query=개봉역 전자담배,yes,linked_source,,혼합 고회전 상권,14.60,P2,Wave 2,208,Batch 7,"score 14.6, linked source",not_audited,,,,business_0507,audit_first,C_audit
2,구로디지털단지,월드플레이 전자담배 가산점,서울 금천구 가산디지털2로 136 1층 103호 월드플레이 가산점,0507-1386-5517,https://pcmap.place.naver.com/place/2079010624/home,,,,전자담배 전문점,구로디지털단지 네이버 검색 롱테일 검증,4,4,5,13,A,2,미접촉,,네이버 검색 롱테일 확장 2026-04-10 · query=가산디지털단지 전자담배,yes,linked_source,,혼합 고회전 상권,14.60,P2,Wave 2,209,Batch 7,"score 14.6, linked source",not_audited,,,,business_0507,audit_first,C_audit
2,구로디지털단지,위베이프전자담배 개봉점,서울 구로구 개봉로 45 101호,0507-1305-3136,https://pcmap.place.naver.com/place/1621057090/home,,,,전자담배 전문점,구로디지털단지 네이버 검색 롱테일 검증,4,4,5,13,A,2,미접촉,,네이버 검색 롱테일 확장 2026-04-10 · query=개봉역 전자담배,yes,linked_source,,혼합 고회전 상권,14.60,P2,Wave 2,210,Batch 7,"score 14.6, linked source",not_audited,,,,business_0507,audit_first,C_audit
2,구로디지털단지,전담GATE 개봉역점,서울 구로구 남부순환로95길 8-10,0507-1381-5191,https://pcmap.place.naver.com/place/1089423027/home,,,,전자담배 전문점,구로디지털단지 네이버 검색 롱테일 검증,4,4,5,13,A,2,미접촉,,네이버 검색 롱테일 확장 2026-04-10 · query=개봉역 전자담배,yes,linked_source,,혼합 고회전 상권,14.60,P2,Wave 2,211,Batch 7,"score 14.6, linked source",not_audited,,,,business_0507,audit_first,C_audit
2,구로디지털단지,전담GATE 구로디지털단지역점,서울 구로구 디지털로32길 97-39 1층,0507-1314-9469,https://pcmap.place.naver.com/place/2021900780/home,,,,전자담배 전문점,구로디지털단지 네이버 검색 롱테일 검증,4,4,5,13,A,2,미접촉,,네이버 검색 롱테일 확장 2026-04-10 · query=신대방 전자담배,yes,linked_source,,혼합 고회전 상권,14.60,P2,Wave 2,212,Batch 7,"score 14.6, linked source",not_audited,,,,business_0507,audit_first,C_audit
2,구로디지털단지,하카전자담배 가산점,서울 금천구 벚꽃로38길 5 105호 하카전자담배,0507-1354-9079,https://pcmap.place.naver.com/place/36364603/home,,,,전자담배 전문점,구로디지털단지 네이버 검색 롱테일 검증,4,4,5,13,A,2,미접촉,,네이버 검색 롱테일 확장 2026-04-10 · query=가산디지털단지 전자담배,yes,linked_source,,혼합 고회전 상권,14.60,P2,Wave 2,214,Batch 7,"score 14.6, linked source",not_audited,,,,business_0507,audit_first,C_audit
2,종로/을지로/충무로,뉴비전자담배,서울 종로구 돈화문로11길 8 1층 뉴비전자담배,0507-1355-8071,https://pcmap.place.naver.com/place/1388521193/home,,,,전자담배 전문점,종로/을지로/충무로 네이버 검색 롱테일 검증,4,4,5,13,A,2,미접촉,,네이버 검색 롱테일 확장 2026-04-10 · query=광화문 전자담배,yes,linked_source,,혼합 고회전 상권,14.60,P2,Wave 2,215,Batch 7,"score 14.6, linked source",not_audited,,,,business_0507,audit_first,C_audit
2,종로/을지로/충무로,베이프코스 전자담배 시청점,서울 중구 세종대로 124 지하아케이드 지하 1층,0507-1413-5875,https://pcmap.place.naver.com/place/1513358071/home,,,,전자담배 전문점,종로/을지로/충무로 네이버 검색 롱테일 검증,4,4,5,13,A,2,미접촉,,네이버 검색 롱테일 확장 2026-04-10 · query=시청 전자담배,yes,linked_source,,혼합 고회전 상권,14.60,P2,Wave 2,217,Batch 7,"score 14.6, linked source",not_audited,,,,business_0507,audit_first,C_audit
2,종로/을지로/충무로,영웨이브 전자담배 대학로점,서울 종로구 대명길 40 1층,0507-1314-2435,https://pcmap.place.naver.com/place/1814796942/home,,,,전자담배 전문점,종로/을지로/충무로 네이버 검색 롱테일 검증,4,4,5,13,A,2,미접촉,,네이버 검색 롱테일 확장 2026-04-10 · query=혜화 전자담배,yes,linked_source,,혼합 고회전 상권,14.60,P2,Wave 2,218,Batch 7,"score 14.6, linked source",not_audited,,,,business_0507,audit_first,C_audit
2,종로/을지로/충무로,영웨이브전자담배 종로점,서울 종로구 종로 19 르메이에르종로타운 1층 104호,0507-1418-7873,https://pcmap.place.naver.com/place/1702684288/home,,,,전자담배 전문점,종로/을지로/충무로 네이버 검색 롱테일 검증,4,4,5,13,A,2,미접촉,,네이버 검색 롱테일 확장 2026-04-10 · query=종각 전자담배,yes,linked_source,,혼합 고회전 상권,14.60,P2,Wave 2,219,Batch 7,"score 14.6, linked source",not_audited,,,,business_0507,audit_first,C_audit
2,종로/을지로/충무로,오지구 명동점,서울 중구 명동7길 21 1층 120호,0507-1336-1682,https://pcmap.place.naver.com/place/2077291328/home,,,,전자담배 전문점,종로/을지로/충무로 네이버 검색 롱테일 검증,4,4,5,13,A,2,미접촉,,네이버 검색 롱테일 확장 2026-04-10 · query=을지로입구 전자담배,yes,linked_source,,혼합 고회전 상권,14.60,P2,Wave 2,220,Batch 7,"score 14.6, linked source",not_audited,,,,business_0507,audit_first,C_audit
2,종로/을지로/충무로,오지구 전자담배 대학로점,서울 종로구 대학로 135 1층,0507-1324-2230,https://pcmap.place.naver.com/place/1890633013/home,,,,전자담배 전문점,종로/을지로/충무로 네이버 검색 롱테일 검증,4,4,5,13,A,2,미접촉,,네이버 검색 롱테일 확장 2026-04-10 · query=혜화 전자담배,yes,linked_source,,혼합 고회전 상권,14.60,P2,Wave 2,221,Batch 7,"score 14.6, linked source",not_audited,,,,business_0507,audit_first,C_audit
2,종로/을지로/충무로,월드베이프 신당점,서울 중구 퇴계로86길 3 1층,0507-1390-3228,https://pcmap.place.naver.com/place/1353845352/home,,,,전자담배 전문점,종로/을지로/충무로 네이버 검색 롱테일 검증,4,4,5,13,A,2,미접촉,,네이버 검색 롱테일 확장 2026-04-10 · query=약수 전자담배,yes,linked_source,,혼합 고회전 상권,14.60,P2,Wave 2,222,Batch 7,"score 14.6, linked source",not_audited,,,,business_0507,audit_first,C_audit
2,종로/을지로/충무로,위베이프 전자담배 을지로1호점,서울 중구 을지로 156 2층 위베이프 을지로1호점,0507-1323-3539,https://pcmap.place.naver.com/place/2070128196/home,,,,전자담배 전문점,종로/을지로/충무로 네이버 검색 롱테일 검증,4,4,5,13,A,2,미접촉,,네이버 검색 롱테일 확장 2026-04-10 · query=을지로3가 전자담배,yes,linked_source,,혼합 고회전 상권,14.60,P2,Wave 2,224,Batch 7,"score 14.6, linked source",not_audited,,,,business_0507,audit_first,C_audit
2,종로/을지로/충무로,위베이프 전자담배 청계다동점,"서울 중구 다동길 43 1층 102,103호",0507-1340-3536,https://pcmap.place.naver.com/place/2018227175/home,,,,전자담배 전문점,종로/을지로/충무로 네이버 검색 롱테일 검증,4,4,5,13,A,2,미접촉,,네이버 검색 롱테일 확장 2026-04-10 · query=광화문 전자담배,yes,linked_source,,혼합 고회전 상권,14.60,P2,Wave 2,225,Batch 7,"score 14.6, linked source",not_audited,,,,business_0507,audit_first,C_audit
2,종로/을지로/충무로,위베이프 필동점,서울 중구 서애로 18 1층 준베이프,0507-1335-9553,https://pcmap.place.naver.com/place/1401408884/home,,,,전자담배 전문점,종로/을지로/충무로 네이버 검색 롱테일 검증,4,4,5,13,A,2,미접촉,,네이버 검색 롱테일 확장 2026-04-10 · query=약수 전자담배,yes,linked_source,,혼합 고회전 상권,14.60,P2,Wave 2,226,Batch 7,"score 14.6, linked source",not_audited,,,,business_0507,audit_first,C_audit
2,종로/을지로/충무로,을지로킹전자담배,서울 중구 을지로 58 을지로입구지하쇼핑센터 4호,0507-1362-8586,https://pcmap.place.naver.com/place/1050262682/home,,,,전자담배 전문점,종로/을지로/충무로 네이버 검색 롱테일 검증,4,4,5,13,A,2,미접촉,,네이버 검색 롱테일 확장 2026-04-10 · query=을지로입구 전자담배,yes,linked_source,,혼합 고회전 상권,14.60,P2,Wave 2,227,Batch 7,"score 14.6, linked source",not_audited,,,,business_0507,audit_first,C_audit
2,종로/을지로/충무로,전담GATE 대학로점,서울 종로구 대명길 23 101호,0507-1375-9076,https://pcmap.place.naver.com/place/2017227021/home,,,,전자담배 전문점,종로/을지로/충무로 네이버 검색 롱테일 검증,4,4,5,13,A,2,미접촉,,네이버 검색 롱테일 확장 2026-04-10 · query=혜화 전자담배,yes,linked_source,,혼합 고회전 상권,14.60,P2,Wave 2,228,Batch 7,"score 14.6, linked source",not_audited,,,,business_0507,audit_first,C_audit
2,종로/을지로/충무로,전담GATE 약수역6번출구점,서울 중구 다산로 118 1층,0507-1328-9774,https://pcmap.place.naver.com/place/2049157405/home,,,,전자담배 전문점,종로/을지로/충무로 네이버 검색 롱테일 검증,4,4,5,13,A,2,미접촉,,네이버 검색 롱테일 확장 2026-04-10 · query=약수 전자담배,yes,linked_source,,혼합 고회전 상권,14.60,P2,Wave 2,229,Batch 7,"score 14.6, linked source",not_audited,,,,business_0507,audit_first,C_audit
2,종로/을지로/충무로,전담GATE 을지로3가역점,서울 중구 을지로 131 지하1층 317호,0507-1498-5077,https://pcmap.place.naver.com/place/2053935581/home,,,,전자담배 전문점,종로/을지로/충무로 네이버 검색 롱테일 검증,4,4,5,13,A,2,미접촉,,네이버 검색 롱테일 확장 2026-04-10 · query=광화문 전자담배,yes,linked_source,,혼합 고회전 상권,14.60,P2,Wave 2,230,Batch 7,"score 14.6, linked source",not_audited,,,,business_0507,audit_first,C_audit
2,종로/을지로/충무로,전담GATE 이마트청계천점,서울 중구 청계천로 400 1층 1206호,0507-1313-4861,https://pcmap.place.naver.com/place/2095013528/home,,,,전자담배 전문점,종로/을지로/충무로 네이버 검색 롱테일 3차 검증,4,4,5,13,A,2,미접촉,,네이버 검색 롱테일 3차 확장 2026-04-10 · query=상왕십리역 전자담배,yes,linked_source,,혼합 고회전 상권,14.60,P2,Wave 2,231,Batch 7,"score 14.6, linked source",not_audited,,,,business_0507,audit_first,C_audit
2,종로/을지로/충무로,제로전자담배 토랑점,서울 중구 동호로7길 45 2층 제로전자담배 토랑점,0507-1413-6958,https://pcmap.place.naver.com/place/1349568531/home,,,,전자담배 전문점,종로/을지로/충무로 네이버 검색 롱테일 검증,4,4,5,13,A,2,미접촉,,네이버 검색 롱테일 확장 2026-04-10 · query=약수역 전자담배,yes,linked_source,,혼합 고회전 상권,14.60,P2,Wave 2,232,Batch 7,"score 14.6, linked source",not_audited,,,,business_0507,audit_first,C_audit
2,종로/을지로/충무로,하카 동대문직영점,"서울 중구 동호로 329 2층, 3층",0507-1389-2161,https://pcmap.place.naver.com/place/1009641414/home,,,,전자담배 전문점,종로/을지로/충무로 네이버 검색 롱테일 검증,4,4,5,13,A,2,미접촉,,네이버 검색 롱테일 확장 2026-04-10 · query=약수 전자담배,yes,linked_source,,혼합 고회전 상권,14.60,P2,Wave 2,233,Batch 7,"score 14.6, linked source",not_audited,,,,business_0507,audit_first,C_audit
2,종로/을지로/충무로,하카 서울시청직영점,서울 중구 세종대로 124 1층,0507-1464-2161,https://pcmap.place.naver.com/place/1219346304/home,,,,전자담배 전문점,종로/을지로/충무로 네이버 검색 롱테일 검증,4,4,5,13,A,2,미접촉,,네이버 검색 롱테일 확장 2026-04-10 · query=광화문 전자담배,yes,linked_source,,혼합 고회전 상권,14.60,P2,Wave 2,234,Batch 7,"score 14.6, linked source",not_audited,,,,business_0507,audit_first,C_audit
2,종로/을지로/충무로,헬로전자담배 대학로점,서울 종로구 대명길 37 1층,0507-1370-4606,https://pcmap.place.naver.com/place/1025425003/home,,,,전자담배 전문점,종로/을지로/충무로 네이버 검색 롱테일 검증,4,4,5,13,A,2,미접촉,,네이버 검색 롱테일 확장 2026-04-10 · query=혜화 전자담배,yes,linked_source,,혼합 고회전 상권,14.60,P2,Wave 2,236,Batch 7,"score 14.6, linked source",not_audited,,,,business_0507,audit_first,C_audit
2,마포/공덕,마포 전자담배,서울 마포구 대흥로 94 크로바빌딩,0507-1411-6689,,,,,전자담배 전문점,마포/공덕 네이버 검색 검증,4,4,5,13,A,1,미접촉,,네이버 지도 검색 기반 신규 추가 2026-04-10 저녁,yes,web_search_draft,,혼합 고회전 상권,14.30,P2,Wave 2,237,Batch 7,"score 14.3, message_type1",not_audited,,,,business_0507,audit_first,C_audit
2,구로디지털단지,구로 전자담배,,0507-1438-7894,https://pcmap.place.naver.com/place/2078991926/home,,,,전자담배 전문점,구로디지털단지 네이버 검색 검증,3,4,5,12,B,1,미접촉,,네이버 지도 검색 기반 신규 추가 2026-04-10 저녁 (주소 확인 필요),yes,linked_source,,혼합 고회전 상권,14.00,P2,Wave 2,240,Batch 7,"score 14.0, message_type1, linked source",not_audited,,,,business_0507,audit_first,C_audit
2,구로디지털단지,롤로타바코 남구로점,서울 구로구 도림로 27-1,0507-1358-9497,https://pcmap.place.naver.com/place/1680399315/home,,,,전자담배 전문점,구로디지털단지 네이버 검색 검증,3,4,5,12,B,1,미접촉,,네이버 지도 검색 기반 신규 추가 2026-04-10 저녁,yes,linked_source,,혼합 고회전 상권,14.00,P2,Wave 2,241,Batch 7,"score 14.0, message_type1, linked source",not_audited,,,,business_0507,audit_first,C_audit
2,마포/공덕,마틴전자담배 상암점,서울 마포구 월드컵북로 324 1층 102호,0507-1432-2097,https://pcmap.place.naver.com/place/1951688211/home,,,,전자담배 전문점,서대문/홍제 네이버 검색 검증,3,4,5,12,B,1,미접촉,,네이버 지도 검색 기반 신규 추가 2026-04-10 저녁,yes,linked_source,,혼합 고회전 상권,14.00,P2,Wave 2,242,Batch 7,"score 14.0, message_type1, linked source",not_audited,,,,business_0507,audit_first,C_audit
2,마포/공덕,캡틴전자담배 상암점,서울 마포구 성암로13길 60 1층 102호,0507-1442-0617,https://pcmap.place.naver.com/place/1344779498/home,,,,전자담배 전문점,은평/연신내 네이버 검색 검증,3,4,5,12,B,1,미접촉,,네이버 지도 검색 기반 신규 추가 2026-04-10 저녁,yes,linked_source,,혼합 고회전 상권,14.00,P2,Wave 2,243,Batch 7,"score 14.0, message_type1, linked source",not_audited,,,,business_0507,audit_first,C_audit
2,서초/양재,베이퍼스강남전자담배,서울 서초구 강남대로 309 1층,0507-1326-9783,https://pcmap.place.naver.com/place/1113681453/home,,,,전자담배 전문점,서초/양재 네이버 검색 검증,4,4,5,13,A,1,미접촉,,네이버 지도 검색 기반 신규 추가 2026-04-10 저녁,yes,linked_source,,확장/생활상권,15.00,P2,Wave 2,310,Batch 8,"score 15.0, message_type1, linked source",not_audited,,,,business_0507,audit_first,C_audit
2,서초/양재,서초 전자담배,,0507-1384-8833,https://pcmap.place.naver.com/place/2055669769/home,,,,전자담배 전문점,서초/양재 네이버 검색 검증,4,4,5,13,A,1,미접촉,,네이버 지도 검색 기반 신규 추가 2026-04-10 저녁 (주소 확인 필요),yes,linked_source,,확장/생활상권,15.00,P2,Wave 2,311,Batch 8,"score 15.0, message_type1, linked source",not_audited,,,,business_0507,audit_first,C_audit
2,서초/양재,쿨베이핑전자담배 개포점,서울 강남구 개포로 238,0507-1401-2700,https://pcmap.place.naver.com/place/294254628/home,,,,전자담배 전문점,서초/양재 네이버 검색 검증,4,4,5,13,A,1,미접촉,,네이버 지도 검색 기반 신규 추가 2026-04-10 저녁,yes,linked_source,,확장/생활상권,15.00,P2,Wave 2,312,Batch 8,"score 15.0, message_type1, linked source",not_audited,,,,business_0507,audit_first,C_audit
2,강서/마곡,구름전자 전자담배 강서본점,서울 강서구 가로공원로 217 1층 4호,0507-1495-9094,https://pcmap.place.naver.com/place/1766822943/home,,,,전자담배 전문점,강서/마곡 네이버 검색 롱테일 검증,4,4,5,13,A,2,미접촉,,네이버 검색 롱테일 확장 2026-04-10 · query=까치산 전자담배,yes,linked_source,,확장/생활상권,14.60,P2,Wave 2,313,Batch 8,"score 14.6, linked source",not_audited,,,,business_0507,audit_first,C_audit
2,강서/마곡,까치산 전자담배,서울 강서구 곰달래로 122 디아인스 101동 102호 전자담배,0507-1352-8704,https://pcmap.place.naver.com/place/1233443636/home,,,,전자담배 전문점,강서/마곡 네이버 검색 롱테일 검증,4,4,5,13,A,2,미접촉,,네이버 검색 롱테일 확장 2026-04-10 · query=까치산 전자담배,yes,linked_source,,확장/생활상권,14.60,P2,Wave 2,314,Batch 8,"score 14.6, linked source",not_audited,,,,business_0507,audit_first,C_audit
2,강서/마곡,위베이프 전자담배 강서점,서울 강서구 초원로16길 3-11 힐스테이트 상가 전자담배,0507-1441-0744,https://pcmap.place.naver.com/place/1190442877/home,,,,전자담배 전문점,강서/마곡 네이버 검색 롱테일 검증,4,4,5,13,A,2,미접촉,,네이버 검색 롱테일 확장 2026-04-10 · query=공항시장 전자담배,yes,linked_source,,확장/생활상권,14.60,P2,Wave 2,316,Batch 8,"score 14.6, linked source",not_audited,,,,business_0507,audit_first,C_audit
2,강서/마곡,위베이프 전자담배 마곡나루점,서울 강서구 마곡서로 158 1층 112호,0507-1369-0644,https://pcmap.place.naver.com/place/2073975220/home,,,,전자담배 전문점,강서/마곡 네이버 검색 롱테일 검증,4,4,5,13,A,2,미접촉,,네이버 검색 롱테일 확장 2026-04-10 · query=발산 전자담배,yes,linked_source,,확장/생활상권,14.60,P2,Wave 2,317,Batch 8,"score 14.6, linked source",not_audited,,,,business_0507,audit_first,C_audit
2,강서/마곡,전담GATE 까치산역점,서울 강서구 강서로 21 1층,0507-1392-5235,https://pcmap.place.naver.com/place/2006677923/home,,,,전자담배 전문점,강서/마곡 네이버 검색 롱테일 검증,4,4,5,13,A,2,미접촉,,네이버 검색 롱테일 확장 2026-04-10 · query=까치산 전자담배,yes,linked_source,,확장/생활상권,14.60,P2,Wave 2,318,Batch 8,"score 14.6, linked source",not_audited,,,,business_0507,audit_first,C_audit
2,강서/마곡,전담GATE 화곡역점,서울 강서구 화곡로 158 1층,0507-1338-3956,https://pcmap.place.naver.com/place/1009687524/home,,,,전자담배 전문점,강서/마곡 네이버 검색 롱테일 검증,4,4,5,13,A,2,미접촉,,네이버 검색 롱테일 확장 2026-04-10 · query=발산 전자담배,yes,linked_source,,확장/생활상권,14.60,P2,Wave 2,319,Batch 8,"score 14.6, linked source",not_audited,,,,business_0507,audit_first,C_audit
2,강서/마곡,전자담배패밀리,서울 강서구 등촌로53길 11 1층 전자담배패밀리,0507-1427-0969,https://pcmap.place.naver.com/place/1050886033/home,,,,전자담배 전문점,강서/마곡 네이버 검색 롱테일 검증,4,4,5,13,A,2,미접촉,,네이버 검색 롱테일 확장 2026-04-10 · query=염창역 전자담배,yes,linked_source,,확장/생활상권,14.60,P2,Wave 2,320,Batch 8,"score 14.6, linked source",not_audited,,,,business_0507,audit_first,C_audit
2,강서/마곡,제로전자담배 까치산역점,서울 강서구 곰달래로 136 1층 103호,0507-1388-6951,https://pcmap.place.naver.com/place/2008578039/home,,,,전자담배 전문점,강서/마곡 네이버 검색 롱테일 검증,4,4,5,13,A,2,미접촉,,네이버 검색 롱테일 확장 2026-04-10 · query=까치산 전자담배,yes,linked_source,,확장/생활상권,14.60,P2,Wave 2,321,Batch 8,"score 14.6, linked source",not_audited,,,,business_0507,audit_first,C_audit
2,강서/마곡,제이엠아이전자담배 방화점,서울 강서구 금낭화로 136 1층 113호,0507-1410-0874,https://pcmap.place.naver.com/place/2018492382/home,,,,전자담배 전문점,강서/마곡 네이버 검색 롱테일 검증,4,4,5,13,A,2,미접촉,,네이버 검색 롱테일 확장 2026-04-10 · query=방화역 전자담배,yes,linked_source,,확장/생활상권,14.60,P2,Wave 2,322,Batch 8,"score 14.6, linked source",not_audited,,,,business_0507,audit_first,C_audit
2,강서/마곡,펌킨전자담배 강서점,서울 강서구 화곡로 374 지엠벨리 1층 101호,0507-1335-8556,https://pcmap.place.naver.com/place/1547394272/home,,,,전자담배 전문점,강서/마곡 네이버 검색 롱테일 검증,4,4,5,13,A,2,미접촉,,네이버 검색 롱테일 확장 2026-04-10 · query=우장산 전자담배,yes,linked_source,,확장/생활상권,14.60,P2,Wave 2,323,Batch 8,"score 14.6, linked source",not_audited,,,,business_0507,audit_first,C_audit
2,강서/마곡,포리프전자담배,서울 강서구 양천로 564 제1층 136호,0507-1450-6460,https://pcmap.place.naver.com/place/1701194935/home,,,,전자담배 전문점,강서/마곡 네이버 검색 롱테일 검증,4,4,5,13,A,2,미접촉,,네이버 검색 롱테일 확장 2026-04-10 · query=가양역 전자담배,yes,linked_source,,확장/생활상권,14.60,P2,Wave 2,324,Batch 8,"score 14.6, linked source",not_audited,,,,business_0507,audit_first,C_audit
2,노량진/보라매,JMI 전자담배 여의대방점,서울 영등포구 여의대방로 181 1층 전자담배,0507-1310-8643,https://pcmap.place.naver.com/place/1979749849/home,,,,전자담배 전문점,노량진/보라매 네이버 검색 롱테일 검증,4,4,5,13,A,2,미접촉,,네이버 검색 롱테일 확장 2026-04-10 · query=신길 전자담배,yes,linked_source,,확장/생활상권,14.60,P2,Wave 2,325,Batch 8,"score 14.6, linked source",not_audited,,,,business_0507,audit_first,C_audit
2,노량진/보라매,VAPE ZONE 신대방삼거리점,서울 동작구 보라매로 83 107호,0507-1397-9373,https://pcmap.place.naver.com/place/1485535051/home,,,,전자담배 전문점,노량진/보라매 네이버 검색 롱테일 검증,4,4,5,13,A,2,미접촉,,네이버 검색 롱테일 확장 2026-04-10 · query=신대방 전자담배,yes,linked_source,,확장/생활상권,14.60,P2,Wave 2,326,Batch 8,"score 14.6, linked source",not_audited,,,,business_0507,audit_first,C_audit
2,노량진/보라매,더 모더 전자담배,서울 동작구 만양로 108 1층 전자담배,0507-1413-3302,https://pcmap.place.naver.com/place/36263114/home,,,,전자담배 전문점,노량진/보라매 네이버 검색 롱테일 검증,4,4,5,13,A,2,미접촉,,네이버 검색 롱테일 확장 2026-04-10 · query=노량진 전자담배,yes,linked_source,,확장/생활상권,14.60,P2,Wave 2,327,Batch 8,"score 14.6, linked source",not_audited,,,,business_0507,audit_first,C_audit
2,노량진/보라매,드림베이프 신대방삼거리역점,서울 동작구 상도로 103 나동 1층,0507-1438-2413,https://pcmap.place.naver.com/place/1768999267/home,,,,전자담배 전문점,노량진/보라매 네이버 검색 롱테일 검증,4,4,5,13,A,2,미접촉,,네이버 검색 롱테일 round2 2026-04-10 · query=장승배기역 전자담배,yes,linked_source,,확장/생활상권,14.60,P2,Wave 2,328,Batch 8,"score 14.6, linked source",not_audited,,,,business_0507,audit_first,C_audit
2,노량진/보라매,숭실대 전자담배,서울 동작구 상도로 353 1층 숭실대 전자담배,0507-1325-8542,https://pcmap.place.naver.com/place/1905518467/home,,,,전자담배 전문점,노량진/보라매 네이버 검색 롱테일 검증,4,4,5,13,A,2,미접촉,,네이버 검색 롱테일 round2 2026-04-10 · query=상도역 전자담배,yes,linked_source,,확장/생활상권,14.60,P2,Wave 2,329,Batch 8,"score 14.6, linked source",not_audited,,,,business_0507,audit_first,C_audit
2,노량진/보라매,위베이프 보라매전자담배,서울 영등포구 신풍로 105 1층,0507-1349-7740,https://pcmap.place.naver.com/place/1568840506/home,,,,전자담배 전문점,노량진/보라매 네이버 검색 롱테일 검증,4,4,5,13,A,2,미접촉,,네이버 검색 롱테일 확장 2026-04-10 · query=신길 전자담배,yes,linked_source,,확장/생활상권,14.60,P2,Wave 2,330,Batch 8,"score 14.6, linked source",not_audited,,,,business_0507,audit_first,C_audit
2,노량진/보라매,위베이프송 전자담배 상도점,서울 동작구 양녕로 265 지하1층,0507-1393-3930,https://pcmap.place.naver.com/place/1782978520/home,,,,전자담배 전문점,노량진/보라매 네이버 검색 롱테일 검증,4,4,5,13,A,2,미접촉,,네이버 검색 롱테일 round2 2026-04-10 · query=장승배기역 전자담배,yes,linked_source,,확장/생활상권,14.60,P2,Wave 2,331,Batch 8,"score 14.6, linked source",not_audited,,,,business_0507,audit_first,C_audit
2,노량진/보라매,중앙대 전자담배,서울 동작구 서달로 157 1층 전자담배,0507-1348-0668,https://pcmap.place.naver.com/place/1694055326/home,,,,전자담배 전문점,노량진/보라매 네이버 검색 롱테일 3차 검증,4,4,5,13,A,2,미접촉,,네이버 검색 롱테일 3차 확장 2026-04-10 · query=노들역 전자담배,yes,linked_source,,확장/생활상권,14.60,P2,Wave 2,332,Batch 8,"score 14.6, linked source",not_audited,,,,business_0507,audit_first,C_audit
2,노량진/보라매,투엑스 전자담배 노량진점,서울 동작구 노량진로 147 1층,0507-1406-0160,https://pcmap.place.naver.com/place/1999355619/home,,,,전자담배 전문점,노량진/보라매 네이버 검색 롱테일 검증,4,4,5,13,A,2,미접촉,,네이버 검색 롱테일 확장 2026-04-10 · query=노량진 전자담배,yes,linked_source,,확장/생활상권,14.60,P2,Wave 2,333,Batch 8,"score 14.6, linked source",not_audited,,,,business_0507,audit_first,C_audit
2,노량진/보라매,하카 신대방삼거리역직영점,서울 동작구 상도로 78 1층,0507-1362-2161,https://pcmap.place.naver.com/place/1153771731/home,,,,전자담배 전문점,노량진/보라매 네이버 검색 롱테일 검증,4,4,5,13,A,2,미접촉,,네이버 검색 롱테일 round2 2026-04-10 · query=장승배기역 전자담배,yes,linked_source,,확장/생활상권,14.60,P2,Wave 2,334,Batch 8,"score 14.6, linked source",not_audited,,,,business_0507,audit_first,C_audit
2,노량진/보라매,하카 신대방역직영점,서울 관악구 신사로 104-1 1층,0507-1478-2161,https://pcmap.place.naver.com/place/1632120633/home,,,,전자담배 전문점,노량진/보라매 네이버 검색 롱테일 검증,4,4,5,13,A,2,미접촉,,네이버 검색 롱테일 확장 2026-04-10 · query=보라매 전자담배,yes,linked_source,,확장/생활상권,14.60,P2,Wave 2,335,Batch 8,"score 14.6, linked source",not_audited,,,,business_0507,audit_first,C_audit
2,노원,JMI 전자담배 공릉점,서울 노원구 동일로 1058 1층 103호,0507-1476-2074,https://pcmap.place.naver.com/place/1700272223/home,,,,전자담배 전문점,노원 네이버 검색 롱테일 검증,4,4,5,13,A,2,미접촉,,네이버 검색 롱테일 확장 2026-04-10 · query=태릉입구역 전자담배,yes,linked_source,,확장/생활상권,14.60,P2,Wave 2,336,Batch 8,"score 14.6, linked source",not_audited,,,,business_0507,audit_first,C_audit
2,노원,더베이프샵 다미 노원점,서울 노원구 상계로 55 102호,0507-1420-5262,https://pcmap.place.naver.com/place/1332293497/home,,,,전자담배 전문점,노원 네이버 검색 롱테일 검증,4,4,5,13,A,2,미접촉,,네이버 검색 롱테일 확장 2026-04-10 · query=마들역 전자담배,yes,linked_source,,확장/생활상권,14.60,P2,Wave 2,337,Batch 8,"score 14.6, linked source",not_audited,,,,business_0507,audit_first,C_audit
2,노원,시가케이 노원점,서울 노원구 노해로 495 107호,0507-1481-4578,https://pcmap.place.naver.com/place/1097103999/home,,,,전자담배 전문점,노원 네이버 검색 롱테일 검증,4,4,5,13,A,2,미접촉,,네이버 검색 롱테일 확장 2026-04-10 · query=마들역 전자담배,yes,linked_source,,확장/생활상권,14.60,P2,Wave 2,338,Batch 8,"score 14.6, linked source",not_audited,,,,business_0507,audit_first,C_audit
2,노원,오지구 전자담배 노원점,서울 노원구 상계로 65 1층 116호,0507-1471-2258,https://pcmap.place.naver.com/place/1512595376/home,,,,전자담배 전문점,노원 네이버 검색 롱테일 검증,4,4,5,13,A,2,미접촉,,네이버 검색 롱테일 확장 2026-04-10 · query=마들역 전자담배,yes,linked_source,,확장/생활상권,14.60,P2,Wave 2,339,Batch 8,"score 14.6, linked source",not_audited,,,,business_0507,audit_first,C_audit
2,노원,월드베이프 광운대점,서울 노원구 광운로10길 3 월드 베이프 광운대점,0507-1301-9953,https://pcmap.place.naver.com/place/1271588608/home,,,,전자담배 전문점,노원 네이버 검색 롱테일 검증,4,4,5,13,A,2,미접촉,,네이버 검색 롱테일 확장 2026-04-10 · query=장위동 전자담배,yes,linked_source,,확장/생활상권,14.60,P2,Wave 2,340,Batch 8,"score 14.6, linked source",not_audited,,,,business_0507,audit_first,C_audit
2,노원,위베이프 공릉점,서울 노원구 동일로 1054 한일빌딩 1층 하카전자담배,0507-1305-4598,https://pcmap.place.naver.com/place/36270909/home,,,,전자담배 전문점,노원 네이버 검색 롱테일 검증,4,4,5,13,A,2,미접촉,,네이버 검색 롱테일 확장 2026-04-10 · query=태릉입구역 전자담배,yes,linked_source,,확장/생활상권,14.60,P2,Wave 2,341,Batch 8,"score 14.6, linked source",not_audited,,,,business_0507,audit_first,C_audit
2,노원,위베이프 노원전자담배백화점,서울 노원구 동일로173가길 140,0507-1418-1538,https://pcmap.place.naver.com/place/35807180/home,,,,전자담배 전문점,노원 네이버 검색 롱테일 검증,4,4,5,13,A,2,미접촉,,네이버 검색 롱테일 확장 2026-04-10 · query=장위동 전자담배,yes,linked_source,,확장/생활상권,14.60,P2,Wave 2,342,Batch 8,"score 14.6, linked source",not_audited,,,,business_0507,audit_first,C_audit
2,노원,전담GATE 노원역점,서울 노원구 상계로3길 10 1층 104호,0507-1306-1939,https://pcmap.place.naver.com/place/2090305008/home,,,,전자담배 전문점,노원 네이버 검색 롱테일 검증,4,4,5,13,A,2,미접촉,,네이버 검색 롱테일 확장 2026-04-10 · query=마들역 전자담배,yes,linked_source,,확장/생활상권,14.60,P2,Wave 2,343,Batch 8,"score 14.6, linked source",not_audited,,,,business_0507,audit_first,C_audit
2,노원,하카 노원 공릉태릉직영점,서울 노원구 동일로 1021 1층 2호,0507-1490-2161,https://pcmap.place.naver.com/place/2094716543/home,,,,전자담배 전문점,노원 네이버 검색 롱테일 검증,4,4,5,13,A,2,미접촉,,네이버 검색 롱테일 확장 2026-04-10 · query=태릉입구역 전자담배,yes,linked_source,,확장/생활상권,14.60,P2,Wave 2,344,Batch 8,"score 14.6, linked source",not_audited,,,,business_0507,audit_first,C_audit
2,노원,헬로전자담배 노원점,서울 노원구 노해로81길 16 1층 9호,0507-1377-6518,https://pcmap.place.naver.com/place/1503422080/home,,,,전자담배 전문점,노원 네이버 검색 롱테일 검증,4,4,5,13,A,2,미접촉,,네이버 검색 롱테일 확장 2026-04-10 · query=마들역 전자담배,yes,linked_source,,확장/생활상권,14.60,P2,Wave 2,345,Batch 8,"score 14.6, linked source",not_audited,,,,business_0507,audit_first,C_audit
2,도봉/창동,위베이프전자담배 도봉구청점,서울 도봉구 마들로 657 1층,0507-1422-3944,https://pcmap.place.naver.com/place/2055540468/home,,,,전자담배 전문점,도봉/창동 네이버 검색 롱테일 3차 검증,4,4,5,13,A,2,미접촉,,네이버 검색 롱테일 3차 확장 2026-04-10 · query=방학역 전자담배,yes,linked_source,,확장/생활상권,14.60,P2,Wave 2,346,Batch 8,"score 14.6, linked source",not_audited,,,,business_0507,audit_first,C_audit
2,도봉/창동,제로전자담배 쌍문세라믹점,"서울 도봉구 해등로 189 1층 103, 116호",0507-1302-4351,https://pcmap.place.naver.com/place/1372830696/home,,,,전자담배 전문점,도봉/창동 네이버 검색 롱테일 3차 검증,4,4,5,13,A,2,미접촉,,네이버 검색 롱테일 3차 확장 2026-04-10 · query=창동역 전자담배,yes,linked_source,,확장/생활상권,14.60,P2,Wave 2,347,Batch 8,"score 14.6, linked source",not_audited,,,,business_0507,audit_first,C_audit
2,도봉/창동,제로전자담배 씨드큐브창동점,서울 도봉구 마들로13길 61 지하1층 B103-3호,0507-1391-7770,https://pcmap.place.naver.com/place/1386313636/home,,,,전자담배 전문점,도봉/창동 네이버 검색 롱테일 3차 검증,4,4,5,13,A,2,미접촉,,네이버 검색 롱테일 3차 확장 2026-04-10 · query=창동역 전자담배,yes,linked_source,,확장/생활상권,14.60,P2,Wave 2,348,Batch 8,"score 14.6, linked source",not_audited,,,,business_0507,audit_first,C_audit
2,도봉/창동,하카전자담배 도봉구방학점,서울 도봉구 도봉로152길 23-3,0507-1343-1613,https://pcmap.place.naver.com/place/35787753/home,,,,전자담배 전문점,도봉/창동 네이버 검색 롱테일 3차 검증,4,4,5,13,A,2,미접촉,,네이버 검색 롱테일 3차 확장 2026-04-10 · query=방학역 전자담배,yes,linked_source,,확장/생활상권,14.60,P2,Wave 2,349,Batch 8,"score 14.6, linked source",not_audited,,,,business_0507,audit_first,C_audit
2,동대문/청량리,JMI전자담배 회기점,서울 동대문구 이문로 26 1층,0507-1329-9668,https://pcmap.place.naver.com/place/2057236885/home,,,,전자담배 전문점,동대문/청량리 네이버 검색 롱테일 검증,4,4,5,13,A,2,미접촉,,네이버 검색 롱테일 확장 2026-04-10 · query=회기 전자담배,yes,linked_source,,확장/생활상권,14.60,P2,Wave 2,350,Batch 8,"score 14.6, linked source",not_audited,,,,business_0507,audit_first,C_audit
2,동대문/청량리,베이프모션,서울 동대문구 장한로 20 1층,0507-1358-7306,https://pcmap.place.naver.com/place/1720567402/home,,,,전자담배 전문점,동대문/청량리 네이버 검색 롱테일 검증,4,4,5,13,A,2,미접촉,,네이버 검색 롱테일 확장 2026-04-10 · query=장한평 전자담배,yes,linked_source,,확장/생활상권,14.60,P2,Wave 2,351,Batch 8,"score 14.6, linked source",not_audited,,,,business_0507,audit_first,C_audit
2,동대문/청량리,블루전자담배 신설동점,서울 동대문구 한빛로 7 1층,0507-1361-1283,https://pcmap.place.naver.com/place/1388266435/home,,,,전자담배 전문점,동대문/청량리 네이버 검색 롱테일 검증,4,4,5,13,A,2,미접촉,,네이버 검색 롱테일 확장 2026-04-10 · query=신설동역 전자담배,yes,linked_source,,확장/생활상권,14.60,P2,Wave 2,352,Batch 8,"score 14.6, linked source",not_audited,,,,business_0507,audit_first,C_audit
2,동대문/청량리,오지구 전자담배 답십리점,서울 동대문구 답십리로 149 1층 오지구 전자담배 답십리점,0507-1351-1981,https://pcmap.place.naver.com/place/1794393882/home,,,,전자담배 전문점,동대문/청량리 네이버 검색 롱테일 검증,4,4,5,13,A,2,미접촉,,네이버 검색 롱테일 확장 2026-04-10 · query=답십리 전자담배,yes,linked_source,,확장/생활상권,14.60,P2,Wave 2,353,Batch 8,"score 14.6, linked source",not_audited,,,,business_0507,audit_first,C_audit
2,동대문/청량리,오지구전자담배 장안점,서울 동대문구 답십리로72길 90 1층 오지구 전자담배 장안점,0507-1494-1981,https://pcmap.place.naver.com/place/1485530291/home,,,,전자담배 전문점,동대문/청량리 네이버 검색 롱테일 검증,4,4,5,13,A,2,미접촉,,네이버 검색 롱테일 확장 2026-04-10 · query=장안동 전자담배,yes,linked_source,,확장/생활상권,14.60,P2,Wave 2,354,Batch 8,"score 14.6, linked source",not_audited,,,,business_0507,audit_first,C_audit
2,동대문/청량리,온더베이프,"서울 동대문구 이문로 34-1 1층-6호, 온더베이프",0507-1424-6292,https://pcmap.place.naver.com/place/2004358284/home,,,,전자담배 전문점,동대문/청량리 네이버 검색 롱테일 검증,4,4,5,13,A,2,미접촉,,네이버 검색 롱테일 확장 2026-04-10 · query=회기 전자담배,yes,linked_source,,확장/생활상권,14.60,P2,Wave 2,355,Batch 8,"score 14.6, linked source",not_audited,,,,business_0507,audit_first,C_audit
2,동대문/청량리,월드베이프 경희대점,서울 동대문구 회기로 136 1층 월드베이프 경희대점(전이담이),0507-1479-1290,https://pcmap.place.naver.com/place/1912886357/home,,,,전자담배 전문점,동대문/청량리 네이버 검색 롱테일 검증,4,4,5,13,A,2,미접촉,,네이버 검색 롱테일 확장 2026-04-10 · query=회기 전자담배,yes,linked_source,,확장/생활상권,14.60,P2,Wave 2,356,Batch 8,"score 14.6, linked source",not_audited,,,,business_0507,audit_first,C_audit
2,동대문/청량리,위베이프 전자담배 장안전자담배,서울 동대문구 장한로12길 19 1층,0507-1490-1303,https://pcmap.place.naver.com/place/35209529/home,,,,전자담배 전문점,동대문/청량리 네이버 검색 롱테일 검증,4,4,5,13,A,2,미접촉,,네이버 검색 롱테일 확장 2026-04-10 · query=장안동 전자담배,yes,linked_source,,확장/생활상권,14.60,P2,Wave 2,357,Batch 8,"score 14.6, linked source",not_audited,,,,business_0507,audit_first,C_audit
2,동대문/청량리,장한평역무인전자담배,서울 동대문구 천호대로85길 22 1층,0507-1315-8243,https://pcmap.place.naver.com/place/2033863745/home,,,,전자담배 전문점,동대문/청량리 네이버 검색 롱테일 검증,4,4,5,13,A,2,미접촉,,네이버 검색 롱테일 확장 2026-04-10 · query=장한평 전자담배,yes,linked_source,,확장/생활상권,14.60,P2,Wave 2,358,Batch 8,"score 14.6, linked source",not_audited,,,,business_0507,audit_first,C_audit
2,동대문/청량리,하카 동대문 장한평역직영점,서울 동대문구 장한로 48 1층,0507-1483-2161,https://pcmap.place.naver.com/place/2088866529/home,,,,전자담배 전문점,동대문/청량리 네이버 검색 롱테일 검증,4,4,5,13,A,2,미접촉,,네이버 검색 롱테일 확장 2026-04-10 · query=장한평 전자담배,yes,linked_source,,확장/생활상권,14.60,P2,Wave 2,359,Batch 8,"score 14.6, linked source",not_audited,,,,business_0507,audit_first,C_audit
2,목동/오목교,전담GATE 목동역점,서울 양천구 오목로 236 1층,0507-1429-8445,https://pcmap.place.naver.com/place/1222937071/home,,,,전자담배 전문점,목동/오목교 네이버 검색 롱테일 검증,4,4,5,13,A,2,미접촉,,네이버 검색 롱테일 확장 2026-04-10 · query=목동역 전자담배,yes,linked_source,,확장/생활상권,14.60,P2,Wave 2,360,Batch 8,"score 14.6, linked source",not_audited,,,,business_0507,audit_first,C_audit
2,목동/오목교,제로전자담배 신정역점,서울 양천구 오목로 157 1층,0507-1379-1011,https://pcmap.place.naver.com/place/2006994082/home,,,,전자담배 전문점,목동/오목교 네이버 검색 롱테일 검증,4,4,5,13,A,2,미접촉,,네이버 검색 롱테일 확장 2026-04-10 · query=까치산 전자담배,yes,linked_source,,확장/생활상권,14.60,P2,Wave 2,361,Batch 8,"score 14.6, linked source",not_audited,,,,business_0507,audit_first,C_audit
2,목동/오목교,하카전자담배 목동 직영점,서울 양천구 오목로 233,0507-1301-9079,https://pcmap.place.naver.com/place/1535407451/home,,,,전자담배 전문점,목동/오목교 네이버 검색 롱테일 검증,4,4,5,13,A,2,미접촉,,네이버 검색 롱테일 확장 2026-04-10 · query=목동역 전자담배,yes,linked_source,,확장/생활상권,14.60,P2,Wave 2,362,Batch 8,"score 14.6, linked source",not_audited,,,,business_0507,audit_first,C_audit
2,문정/가락,가락동전자담배,서울 송파구 중대로9길 54 103호,0507-1482-3132,https://pcmap.place.naver.com/place/2032758158/home,,,,전자담배 전문점,문정/가락 네이버 검색 롱테일 검증,4,4,5,13,A,2,미접촉,,네이버 검색 롱테일 round2 2026-04-10 · query=가락시장역 전자담배,yes,linked_source,,확장/생활상권,14.60,P2,Wave 2,363,Batch 8,"score 14.6, linked source",not_audited,,,,business_0507,audit_first,C_audit
2,문정/가락,베이프크루 가락점,서울 송파구 중대로 135 아이티벤처타워 1층 동관101-4호,0507-1399-1101,https://pcmap.place.naver.com/place/1935867515/home,,,,전자담배 전문점,문정/가락 네이버 검색 롱테일 검증,4,4,5,13,A,2,미접촉,,네이버 검색 롱테일 round2 2026-04-10 · query=가락시장역 전자담배,yes,linked_source,,확장/생활상권,14.60,P2,Wave 2,364,Batch 8,"score 14.6, linked source",not_audited,,,,business_0507,audit_first,C_audit
2,문정/가락,송파3대전자담배 송파본점,서울 송파구 오금로36길 69 1층 송파3대 전자담배,0507-1419-2524,https://pcmap.place.naver.com/place/35589300/home,,,,전자담배 전문점,문정/가락 네이버 검색 롱테일 검증,4,4,5,13,A,2,미접촉,,네이버 검색 롱테일 round2 2026-04-10 · query=경찰병원역 전자담배,yes,linked_source,,확장/생활상권,14.60,P2,Wave 2,365,Batch 8,"score 14.6, linked source",not_audited,,,,business_0507,audit_first,C_audit
2,문정/가락,위베이프전자담배 문정역점,서울 송파구 법원로 114 A동 1층 110호,0507-1488-7755,https://pcmap.place.naver.com/place/1278094363/home,,,,전자담배 전문점,문정/가락 네이버 검색 롱테일 검증,4,4,5,13,A,2,미접촉,,네이버 검색 롱테일 round2 2026-04-10 · query=문정역 전자담배,yes,linked_source,,확장/생활상권,14.60,P2,Wave 2,366,Batch 8,"score 14.6, linked source",not_audited,,,,business_0507,audit_first,C_audit
2,문정/가락,전담이지 문정송파점,서울 송파구 송파대로 167 문정테라타워 B동 1층 133호,0507-1402-7954,https://pcmap.place.naver.com/place/2035450840/home,,,,전자담배 전문점,문정/가락 네이버 검색 롱테일 검증,4,4,5,13,A,2,미접촉,,네이버 검색 롱테일 round2 2026-04-10 · query=문정역 전자담배,yes,linked_source,,확장/생활상권,14.60,P2,Wave 2,368,Batch 8,"score 14.6, linked source",not_audited,,,,business_0507,audit_first,C_audit
2,문정/가락,하카 송파경찰병원역직영점,서울 송파구 송이로 144 1층,0507-1415-2164,https://pcmap.place.naver.com/place/2001106347/home,,,,전자담배 전문점,문정/가락 네이버 검색 롱테일 검증,4,4,5,13,A,2,미접촉,,네이버 검색 롱테일 round2 2026-04-10 · query=가락시장역 전자담배,yes,linked_source,,확장/생활상권,14.60,P2,Wave 2,369,Batch 8,"score 14.6, linked source",not_audited,,,,business_0507,audit_first,C_audit
2,사당/방배,블루전자담배 사당점,서울 동작구 사당로 258 1층 전자담배,0507-1413-1740,https://pcmap.place.naver.com/place/621406460/home,,,,전자담배 전문점,사당/방배 네이버 검색 롱테일 검증,4,4,5,13,A,2,미접촉,,네이버 검색 롱테일 확장 2026-04-10 · query=남성역 전자담배,yes,linked_source,,확장/생활상권,14.60,P2,Wave 2,371,Batch 8,"score 14.6, linked source",not_audited,,,,business_0507,audit_first,C_audit
2,사당/방배,전담GATE 사당점,서울 동작구 동작대로 43 1층 전담GATE,0507-1328-1683,https://pcmap.place.naver.com/place/1644838395/home,,,,전자담배 전문점,사당/방배 네이버 검색 롱테일 검증,4,4,5,13,A,2,미접촉,,네이버 검색 롱테일 확장 2026-04-10 · query=남성역 전자담배,yes,linked_source,,확장/생활상권,14.60,P2,Wave 2,372,Batch 8,"score 14.6, linked source",not_audited,,,,business_0507,audit_first,C_audit
2,사당/방배,판다전자담배 이수역점,서울 동작구 동작대로25길 6 1층 판다전자담배 이수역점,0507-1405-3511,https://pcmap.place.naver.com/place/1090192366/home,,,,전자담배 전문점,사당/방배 네이버 검색 롱테일 검증,4,4,5,13,A,2,미접촉,,네이버 검색 롱테일 확장 2026-04-10 · query=남성역 전자담배,yes,linked_source,,확장/생활상권,14.60,P2,Wave 2,373,Batch 8,"score 14.6, linked source",not_audited,,,,business_0507,audit_first,C_audit
2,사당/방배,하카전자담배 이수점,서울 서초구 서초대로 3-4 지하 1층 B102호,0507-1427-6969,https://pcmap.place.naver.com/place/35124916/home,,,,전자담배 전문점,사당/방배 네이버 검색 롱테일 검증,4,4,5,13,A,2,미접촉,,네이버 검색 롱테일 확장 2026-04-10 · query=이수 전자담배,yes,linked_source,,확장/생활상권,14.60,P2,Wave 2,374,Batch 8,"score 14.6, linked source",not_audited,,,,business_0507,audit_first,C_audit
2,서대문/홍제,싸다구전자담배,서울 서대문구 통일로 147-1 1층,0507-1315-9052,https://pcmap.place.naver.com/place/1750914752/home,,,,전자담배 전문점,서대문/홍제 네이버 검색 롱테일 검증,4,4,5,13,A,2,미접촉,,네이버 검색 롱테일 확장 2026-04-10 · query=서대문역 전자담배,yes,linked_source,,확장/생활상권,14.60,P2,Wave 2,375,Batch 8,"score 14.6, linked source",not_audited,,,,business_0507,audit_first,C_audit
2,서대문/홍제,위베이프 명지대점,서울 서대문구 거북골로 25-1 1층,0507-1344-9031,https://pcmap.place.naver.com/place/1464812349/home,,,,전자담배 전문점,서대문/홍제 네이버 검색 롱테일 검증,4,4,5,13,A,2,미접촉,,네이버 검색 롱테일 round2 2026-04-10 · query=홍제역 전자담배,yes,linked_source,,확장/생활상권,14.60,P2,Wave 2,376,Batch 8,"score 14.6, linked source",not_audited,,,,business_0507,audit_first,C_audit
2,서대문/홍제,하카 서대문 홍제역직영점,서울 서대문구 통일로 452 1층 1호,0507-1387-2162,https://pcmap.place.naver.com/place/2088344425/home,,,,전자담배 전문점,서대문/홍제 네이버 검색 롱테일 검증,4,4,5,13,A,2,미접촉,,네이버 검색 롱테일 확장 2026-04-10 · query=홍제 전자담배,yes,linked_source,,확장/생활상권,14.60,P2,Wave 2,377,Batch 8,"score 14.6, linked source",not_audited,,,,business_0507,audit_first,C_audit
2,서울대입구/샤로수길,전담GATE 낙성대점,서울 관악구 남부순환로246길 17 1층,0507-1360-5146,https://pcmap.place.naver.com/place/1495517734/home,,,,전자담배 전문점,서울대입구/샤로수길 네이버 검색 롱테일 검증,4,4,5,13,A,2,미접촉,,네이버 검색 롱테일 확장 2026-04-10 · query=낙성대 전자담배,yes,linked_source,,확장/생활상권,14.60,P2,Wave 2,378,Batch 8,"score 14.6, linked source",not_audited,,,,business_0507,audit_first,C_audit
2,서울대입구/샤로수길,전담GATE 서울대샤로수길점,서울 관악구 관악로14길 64 1층,0507-1371-7141,https://pcmap.place.naver.com/place/1662981736/home,,,,전자담배 전문점,서울대입구/샤로수길 네이버 검색 롱테일 검증,4,4,5,13,A,2,미접촉,,네이버 검색 롱테일 확장 2026-04-10 · query=서울대입구 전자담배,yes,linked_source,,확장/생활상권,14.60,P2,Wave 2,379,Batch 8,"score 14.6, linked source",not_audited,,,,business_0507,audit_first,C_audit
2,서울대입구/샤로수길,크크전자담배 봉천,서울 관악구 청룡1길 8 1층 크크전자담배,0507-1416-0899,https://pcmap.place.naver.com/place/1632421045/home,,,,전자담배 전문점,서울대입구/샤로수길 네이버 검색 롱테일 검증,4,4,5,13,A,2,미접촉,,네이버 검색 롱테일 확장 2026-04-10 · query=서울대입구 전자담배,yes,linked_source,,확장/생활상권,14.60,P2,Wave 2,380,Batch 8,"score 14.6, linked source",not_audited,,,,business_0507,audit_first,C_audit
2,서울대입구/샤로수길,하카 관악 서울대입구역직영점,서울 관악구 남부순환로 1846-1 1층,0507-1357-9079,https://pcmap.place.naver.com/place/35830371/home,,,,전자담배 전문점,서울대입구/샤로수길 네이버 검색 롱테일 검증,4,4,5,13,A,2,미접촉,,네이버 검색 롱테일 확장 2026-04-10 · query=서울대입구 전자담배,yes,linked_source,,확장/생활상권,14.60,P2,Wave 2,381,Batch 8,"score 14.6, linked source",not_audited,,,,business_0507,audit_first,C_audit
2,서울역/용산,명동VapeShop,서울 중구 남대문로 60 1층,0507-1447-2075,https://pcmap.place.naver.com/place/1951283255/home,,,,전자담배 전문점,서울역/용산 네이버 검색 롱테일 검증,4,4,5,13,A,2,미접촉,,네이버 검색 롱테일 round2 2026-04-10 · query=회현역 전자담배,yes,linked_source,,확장/생활상권,14.60,P2,Wave 2,382,Batch 8,"score 14.6, linked source",not_audited,,,,business_0507,audit_first,C_audit
2,서울역/용산,베이프월드 서울역점,서울 용산구 후암로57길 63-1 1층,0507-1317-0211,https://pcmap.place.naver.com/place/2036443122/home,,,,전자담배 전문점,서울역/용산 네이버 검색 롱테일 검증,4,4,5,13,A,2,미접촉,,네이버 검색 롱테일 확장 2026-04-10 · query=숙대입구 전자담배,yes,linked_source,,확장/생활상권,14.60,P2,Wave 2,383,Batch 8,"score 14.6, linked source",not_audited,,,,business_0507,audit_first,C_audit
2,서울역/용산,영웨이브전자담배 명동점,서울 중구 명동2길 56-1 1층,0507-1327-2138,https://pcmap.place.naver.com/place/1166531779/home,,,,전자담배 전문점,서울역/용산 네이버 검색 롱테일 검증,4,4,5,13,A,2,미접촉,,네이버 검색 롱테일 round2 2026-04-10 · query=회현역 전자담배,yes,linked_source,,확장/생활상권,14.60,P2,Wave 2,384,Batch 8,"score 14.6, linked source",not_audited,,,,business_0507,audit_first,C_audit
2,서울역/용산,전자담배 숙대입구점,서울 용산구 청파로45길 8-1 1층,0507-1329-3281,https://pcmap.place.naver.com/place/1274567322/home,,,,전자담배 전문점,서울역/용산 네이버 검색 롱테일 검증,4,4,5,13,A,2,미접촉,,네이버 검색 롱테일 확장 2026-04-10 · query=숙대입구 전자담배,yes,linked_source,,확장/생활상권,14.60,P2,Wave 2,385,Batch 8,"score 14.6, linked source",not_audited,,,,business_0507,audit_first,C_audit
2,서울역/용산,전자담배랩,서울 용산구 한강대로11길 30 101호 전자담배랩,0507-1379-7590,https://pcmap.place.naver.com/place/1445295999/home,,,,전자담배 전문점,서울역/용산 네이버 검색 롱테일 3차 검증,4,4,5,13,A,2,미접촉,,네이버 검색 롱테일 3차 확장 2026-04-10 · query=용산역 전자담배,yes,linked_source,,확장/생활상권,14.60,P2,Wave 2,386,Batch 8,"score 14.6, linked source",not_audited,,,,business_0507,audit_first,C_audit
2,서울역/용산,틈베이프,서울 용산구 한강대로 95 용산래미안더센트럴 A동 지하1층 B124호 틈베이프,0507-1316-0891,https://pcmap.place.naver.com/place/1102254663/home,,,,전자담배 전문점,서울역/용산 네이버 검색 롱테일 3차 검증,4,4,5,13,A,2,미접촉,,네이버 검색 롱테일 3차 확장 2026-04-10 · query=신용산역 전자담배,yes,linked_source,,확장/생활상권,14.60,P2,Wave 2,387,Batch 8,"score 14.6, linked source",not_audited,,,,business_0507,audit_first,C_audit
2,서울역/용산,하카 용산역직영점,서울 용산구 한강대로 66 108호,0507-1489-2161,https://pcmap.place.naver.com/place/2001078658/home,,,,전자담배 전문점,서울역/용산 네이버 검색 롱테일 3차 검증,4,4,5,13,A,2,미접촉,,네이버 검색 롱테일 3차 확장 2026-04-10 · query=신용산역 전자담배,yes,linked_source,,확장/생활상권,14.60,P2,Wave 2,388,Batch 8,"score 14.6, linked source",not_audited,,,,business_0507,audit_first,C_audit
2,서울역/용산,하카 회현역직영점,서울 중구 퇴계로 62,0507-1476-2161,https://pcmap.place.naver.com/place/1673501943/home,,,,전자담배 전문점,서울역/용산 네이버 검색 롱테일 검증,4,4,5,13,A,2,미접촉,,네이버 검색 롱테일 확장 2026-04-10 · query=서울역 전자담배,yes,linked_source,,확장/생활상권,14.60,P2,Wave 2,389,Batch 8,"score 14.6, linked source",not_audited,,,,business_0507,audit_first,C_audit
2,서초/양재,더베이프샵 다미 양재점,서울 강남구 강남대로 240 양재SK허브프리모 B102호,0507-1422-5262,https://pcmap.place.naver.com/place/1621734415/home,,,,전자담배 전문점,서초/양재 네이버 검색 롱테일 검증,4,4,5,13,A,2,미접촉,,네이버 검색 롱테일 round2 2026-04-10 · query=양재역 전자담배,yes,linked_source,,확장/생활상권,14.60,P2,Wave 2,390,Batch 8,"score 14.6, linked source",not_audited,,,,business_0507,audit_first,C_audit
2,서초/양재,베이프픽,서울 강남구 강남대로58길 27 1층,0507-1359-5827,https://pcmap.place.naver.com/place/1097887160/home,,,,전자담배 전문점,서초/양재 네이버 검색 롱테일 검증,4,4,5,13,A,2,미접촉,,네이버 검색 롱테일 round2 2026-04-10 · query=양재역 전자담배,yes,linked_source,,확장/생활상권,14.60,P2,Wave 2,391,Batch 8,"score 14.6, linked source",not_audited,,,,business_0507,audit_first,C_audit
2,서초/양재,원더베이프 교대점,서울 서초구 서초대로46길 3 1층 원더베이프,0507-1355-1554,https://pcmap.place.naver.com/place/1249410291/home,,,,전자담배 전문점,서초/양재 네이버 검색 롱테일 검증,4,4,5,13,A,2,미접촉,,네이버 검색 롱테일 round2 2026-04-10 · query=교대역 전자담배,yes,linked_source,,확장/생활상권,14.60,P2,Wave 2,392,Batch 8,"score 14.6, linked source",not_audited,,,,business_0507,audit_first,C_audit
2,서초/양재,위베이프 서초교대점,서울 서초구 서초중앙로 101 1층,0507-1447-7561,https://pcmap.place.naver.com/place/1223199971/home,,,,전자담배 전문점,서초/양재 네이버 검색 롱테일 검증,4,4,5,13,A,2,미접촉,,네이버 검색 롱테일 round2 2026-04-10 · query=교대역 전자담배,yes,linked_source,,확장/생활상권,14.60,P2,Wave 2,393,Batch 8,"score 14.6, linked source",not_audited,,,,business_0507,audit_first,C_audit
2,서초/양재,카우베이프 전자담배 남부터미널점,서울 서초구 효령로55길 15 1층 103호,0507-1463-3799,https://pcmap.place.naver.com/place/1205489746/home,,,,전자담배 전문점,서초/양재 네이버 검색 롱테일 검증,4,4,5,13,A,2,미접촉,,네이버 검색 롱테일 round2 2026-04-10 · query=남부터미널 전자담배,yes,linked_source,,확장/생활상권,14.60,P2,Wave 2,394,Batch 8,"score 14.6, linked source",not_audited,,,,business_0507,audit_first,C_audit
2,서초/양재,하카 강남 도곡동직영점,서울 강남구 도곡로 170 1층,0507-1399-2161,https://pcmap.place.naver.com/place/1509350242/home,,,,전자담배 전문점,서초/양재 네이버 검색 롱테일 검증,4,4,5,13,A,2,미접촉,,네이버 검색 롱테일 round2 2026-04-10 · query=양재역 전자담배,yes,linked_source,,확장/생활상권,14.60,P2,Wave 2,395,Batch 8,"score 14.6, linked source",not_audited,,,,business_0507,audit_first,C_audit
2,서초/양재,하카 서초 교대역직영점,서울 서초구 서초중앙로 125 1층 103호,0507-1443-2161,https://pcmap.place.naver.com/place/1911334347/home,,,,전자담배 전문점,서초/양재 네이버 검색 롱테일 검증,4,4,5,13,A,2,미접촉,,네이버 검색 롱테일 round2 2026-04-10 · query=교대역 전자담배,yes,linked_source,,확장/생활상권,14.60,P2,Wave 2,396,Batch 8,"score 14.6, linked source",not_audited,,,,business_0507,audit_first,C_audit
2,서초/양재,하카 서초 양재역직영점,서울 서초구 남부순환로 2606 1층 104호,0507-1442-2161,https://pcmap.place.naver.com/place/1564672238/home,,,,전자담배 전문점,서초/양재 네이버 검색 롱테일 검증,4,4,5,13,A,2,미접촉,,네이버 검색 롱테일 round2 2026-04-10 · query=양재역 전자담배,yes,linked_source,,확장/생활상권,14.60,P2,Wave 2,397,Batch 8,"score 14.6, linked source",not_audited,,,,business_0507,audit_first,C_audit
2,성북/길음,24시로드전자담배,서울 성북구 길음로 11 136호,0507-1431-1380,https://pcmap.place.naver.com/place/1792619445/home,,,,전자담배 전문점,성북/길음 네이버 검색 롱테일 3차 검증,4,4,5,13,A,2,미접촉,,네이버 검색 롱테일 3차 확장 2026-04-10 · query=길음역 전자담배,yes,linked_source,,확장/생활상권,14.60,P2,Wave 2,398,Batch 8,"score 14.6, linked source",not_audited,,,,business_0507,audit_first,C_audit
2,성북/길음,더베이프샵 다미 성신여대점,서울 성북구 동소문로 107,0507-1394-2929,https://pcmap.place.naver.com/place/1957531447/home,,,,전자담배 전문점,성북/길음 네이버 검색 롱테일 검증,4,4,5,13,A,2,미접촉,,네이버 검색 롱테일 확장 2026-04-10 · query=성신여대 전자담배,yes,linked_source,,확장/생활상권,14.60,P2,Wave 2,399,Batch 8,"score 14.6, linked source",not_audited,,,,business_0507,audit_first,C_audit
2,성북/길음,디어베이프,서울 성북구 고려대로6길 72 2층,0507-1393-3262,https://pcmap.place.naver.com/place/1703775102/home,,,,전자담배 전문점,성북/길음 네이버 검색 롱테일 검증,4,4,5,13,A,2,미접촉,,네이버 검색 롱테일 확장 2026-04-10 · query=신설동역 전자담배,yes,linked_source,,확장/생활상권,14.60,P2,Wave 2,400,Batch 8,"score 14.6, linked source",not_audited,,,,business_0507,audit_first,C_audit
2,성북/길음,성북구 종암동 전자담배멀티샵,서울 성북구 종암로 113 1층,0507-1327-2336,https://pcmap.place.naver.com/place/36028421/home,,,,전자담배 전문점,성북/길음 네이버 검색 롱테일 3차 검증,4,4,5,13,A,2,미접촉,,네이버 검색 롱테일 3차 확장 2026-04-10 · query=길음역 전자담배,yes,linked_source,,확장/생활상권,14.60,P2,Wave 2,401,Batch 8,"score 14.6, linked source",not_audited,,,,business_0507,audit_first,C_audit
2,성북/길음,성신 전자담배,서울 성북구 동소문로22길 5 1층,0507-1385-1910,https://pcmap.place.naver.com/place/1140596709/home,,,,전자담배 전문점,성북/길음 네이버 검색 롱테일 검증,4,4,5,13,A,2,미접촉,,네이버 검색 롱테일 확장 2026-04-10 · query=성신여대 전자담배,yes,linked_source,,확장/생활상권,14.60,P2,Wave 2,402,Batch 8,"score 14.6, linked source",not_audited,,,,business_0507,audit_first,C_audit
2,성북/길음,위베이프 고래전자담배 고려대점,서울 성북구 안암로 67,0507-1401-6326,https://pcmap.place.naver.com/place/36202936/home,,,,전자담배 전문점,성북/길음 네이버 검색 롱테일 검증,4,4,5,13,A,2,미접촉,,네이버 검색 롱테일 확장 2026-04-10 · query=신설동역 전자담배,yes,linked_source,,확장/생활상권,14.60,P2,Wave 2,403,Batch 8,"score 14.6, linked source",not_audited,,,,business_0507,audit_first,C_audit
2,성북/길음,위베이프 전담잇슈,서울 성북구 월곡로 102 1층,0507-1429-0034,https://pcmap.place.naver.com/place/1608358425/home,,,,전자담배 전문점,성북/길음 네이버 검색 롱테일 검증,4,4,5,13,A,2,미접촉,,네이버 검색 롱테일 확장 2026-04-10 · query=장위동 전자담배,yes,linked_source,,확장/생활상권,14.60,P2,Wave 2,404,Batch 8,"score 14.6, linked source",not_audited,,,,business_0507,audit_first,C_audit
2,성북/길음,위베이프 전자담배 월곡점,서울 성북구 오패산로 99 1층 101호,0507-1386-1834,https://pcmap.place.naver.com/place/1436529866/home,,,,전자담배 전문점,성북/길음 네이버 검색 롱테일 검증,4,4,5,13,A,2,미접촉,,네이버 검색 롱테일 확장 2026-04-10 · query=미아사거리 전자담배,yes,linked_source,,확장/생활상권,14.60,P2,Wave 2,405,Batch 8,"score 14.6, linked source",not_audited,,,,business_0507,audit_first,C_audit
2,성북/길음,전담역 고려대점,서울 성북구 고려대로26길 42-1 1층,0507-1430-7656,https://pcmap.place.naver.com/place/1057496885/home,,,,전자담배 전문점,성북/길음 네이버 검색 롱테일 검증,4,4,5,13,A,2,미접촉,,네이버 검색 롱테일 확장 2026-04-10 · query=안암역 전자담배,yes,linked_source,,확장/생활상권,14.60,P2,Wave 2,406,Batch 8,"score 14.6, linked source",not_audited,,,,business_0507,audit_first,C_audit
2,성북/길음,제로전자담배 안암점,서울 성북구 고려대로24길 24 지하1층 2호,0507-1440-6713,https://pcmap.place.naver.com/place/1826514577/home,,,,전자담배 전문점,성북/길음 네이버 검색 롱테일 검증,4,4,5,13,A,2,미접촉,,네이버 검색 롱테일 확장 2026-04-10 · query=안암역 전자담배,yes,linked_source,,확장/생활상권,14.60,P2,Wave 2,407,Batch 8,"score 14.6, linked source",not_audited,,,,business_0507,audit_first,C_audit
2,성북/길음,하카 길음역직영점,서울 성북구 동소문로 312 1층,0507-1328-2161,https://pcmap.place.naver.com/place/2057422779/home,,,,전자담배 전문점,성북/길음 네이버 검색 롱테일 검증,4,4,5,13,A,2,미접촉,,네이버 검색 롱테일 확장 2026-04-10 · query=미아사거리 전자담배,yes,linked_source,,확장/생활상권,14.60,P2,Wave 2,408,Batch 8,"score 14.6, linked source",not_audited,,,,business_0507,audit_first,C_audit
2,성북/길음,하카 성신여대직영점,서울 성북구 동소문로 60 1층,0507-1484-2161,https://pcmap.place.naver.com/place/2010769959/home,,,,전자담배 전문점,성북/길음 네이버 검색 롱테일 검증,4,4,5,13,A,2,미접촉,,네이버 검색 롱테일 확장 2026-04-10 · query=혜화 전자담배,yes,linked_source,,확장/생활상권,14.60,P2,Wave 2,409,Batch 8,"score 14.6, linked source",not_audited,,,,business_0507,audit_first,C_audit
2,수유/미아,래빗전자담배 수유점,서울 강북구 도봉로87길 24 2층 래빗전자담배,0507-1357-6084,https://pcmap.place.naver.com/place/1184619915/home,,,,전자담배 전문점,수유/미아 네이버 검색 롱테일 3차 검증,4,4,5,13,A,2,미접촉,,네이버 검색 롱테일 3차 확장 2026-04-10 · query=수유역 전자담배,yes,linked_source,,확장/생활상권,14.60,P2,Wave 2,410,Batch 8,"score 14.6, linked source",not_audited,,,,business_0507,audit_first,C_audit
2,수유/미아,미아 베이퍼스,서울 강북구 도봉로8길 32 1층 전자담배,0507-1320-5626,https://pcmap.place.naver.com/place/36090612/home,,,,전자담배 전문점,수유/미아 네이버 검색 롱테일 검증,4,4,5,13,A,2,미접촉,,네이버 검색 롱테일 확장 2026-04-10 · query=미아사거리 전자담배,yes,linked_source,,확장/생활상권,14.60,P2,Wave 2,411,Batch 8,"score 14.6, linked source",not_audited,,,,business_0507,audit_first,C_audit
2,수유/미아,수유 전자담배 베이핑클럽,서울 강북구 노해로8길 22 상가1층116호,0507-1332-1821,https://pcmap.place.naver.com/place/47449180/home,,,,전자담배 전문점,수유/미아 네이버 검색 롱테일 3차 검증,4,4,5,13,A,2,미접촉,,네이버 검색 롱테일 3차 확장 2026-04-10 · query=수유역 전자담배,yes,linked_source,,확장/생활상권,14.60,P2,Wave 2,412,Batch 8,"score 14.6, linked source",not_audited,,,,business_0507,audit_first,C_audit
2,수유/미아,전담GATE 수유역점,서울 강북구 수유동 191-19,0507-1360-9763,https://pcmap.place.naver.com/place/1456016443/home,,,,전자담배 전문점,수유/미아 네이버 검색 롱테일 3차 검증,4,4,5,13,A,2,미접촉,,네이버 검색 롱테일 3차 확장 2026-04-10 · query=수유역 전자담배,yes,linked_source,,확장/생활상권,14.60,P2,Wave 2,413,Batch 8,"score 14.6, linked source",not_audited,,,,business_0507,audit_first,C_audit
2,수유/미아,하카 강북미아직영점,서울 강북구 도봉로 100 1층,0507-1361-2163,https://pcmap.place.naver.com/place/2019540738/home,,,,전자담배 전문점,수유/미아 네이버 검색 롱테일 검증,4,4,5,13,A,2,미접촉,,네이버 검색 롱테일 확장 2026-04-10 · query=미아사거리 전자담배,yes,linked_source,,확장/생활상권,14.60,P2,Wave 2,414,Batch 8,"score 14.6, linked source",not_audited,,,,business_0507,audit_first,C_audit
2,수유/미아,헬로전자담배 수유점,서울 강북구 노해로8길 33 1층,0507-1361-3115,https://pcmap.place.naver.com/place/1232979920/home,,,,전자담배 전문점,수유/미아 네이버 검색 롱테일 3차 검증,4,4,5,13,A,2,미접촉,,네이버 검색 롱테일 3차 확장 2026-04-10 · query=수유역 전자담배,yes,linked_source,,확장/생활상권,14.60,P2,Wave 2,415,Batch 8,"score 14.6, linked source",not_audited,,,,business_0507,audit_first,C_audit
2,신림,신림전담 킹베이프,서울 관악구 남부순환로 1604 1층,0507-1441-9780,https://pcmap.place.naver.com/place/1837366763/home,,,,전자담배 전문점,신림 네이버 검색 롱테일 검증,4,4,5,13,A,2,미접촉,,네이버 검색 롱테일 확장 2026-04-10 · query=신대방 전자담배,yes,linked_source,,확장/생활상권,14.60,P2,Wave 2,416,Batch 8,"score 14.6, linked source",not_audited,,,,business_0507,audit_first,C_audit
2,신림,포스핀전자담배&수제담배,서울 관악구 남부순환로 1625 1층 103호,0507-1350-5839,https://pcmap.place.naver.com/place/2094510998/home,,,,전자담배 전문점,신림 네이버 검색 롱테일 검증,4,4,5,13,A,2,미접촉,,네이버 검색 롱테일 확장 2026-04-10 · query=신대방 전자담배,yes,linked_source,,확장/생활상권,14.60,P2,Wave 2,417,Batch 8,"score 14.6, linked source",not_audited,,,,business_0507,audit_first,C_audit
2,은평/연신내,누나베이프,서울 은평구 연서로27길 7 1층,0507-1314-6743,https://pcmap.place.naver.com/place/1153101677/home,,,,전자담배 전문점,은평/연신내 네이버 검색 롱테일 3차 검증,4,4,5,13,A,2,미접촉,,네이버 검색 롱테일 3차 확장 2026-04-10 · query=구산역 전자담배,yes,linked_source,,확장/생활상권,14.60,P2,Wave 2,418,Batch 8,"score 14.6, linked source",not_audited,,,,business_0507,audit_first,C_audit
2,은평/연신내,라미야전자담배 응암점,서울 은평구 은평로 82 1동 2층 216-1호,0507-1411-8209,https://pcmap.place.naver.com/place/1572150313/home,,,,전자담배 전문점,은평/연신내 네이버 검색 롱테일 검증,4,4,5,13,A,2,미접촉,,네이버 검색 롱테일 확장 2026-04-10 · query=응암 전자담배,yes,linked_source,,확장/생활상권,14.60,P2,Wave 2,419,Batch 8,"score 14.6, linked source",not_audited,,,,business_0507,audit_first,C_audit
2,은평/연신내,라쿤베이프,서울 은평구 응암로24길 10 1층 라쿤베이프,0507-1446-9232,https://pcmap.place.naver.com/place/2078769274/home,,,,전자담배 전문점,은평/연신내 네이버 검색 롱테일 검증,4,4,5,13,A,2,미접촉,,네이버 검색 롱테일 확장 2026-04-10 · query=응암 전자담배,yes,linked_source,,확장/생활상권,14.60,P2,Wave 2,420,Batch 8,"score 14.6, linked source",not_audited,,,,business_0507,audit_first,C_audit
2,은평/연신내,리소베이프,서울 은평구 진흥로1길 24 1층 6호,0507-1471-7724,https://pcmap.place.naver.com/place/2001071929/home,,,,전자담배 전문점,은평/연신내 네이버 검색 롱테일 3차 검증,4,4,5,13,A,2,미접촉,,네이버 검색 롱테일 3차 확장 2026-04-10 · query=응암역 전자담배,yes,linked_source,,확장/생활상권,14.60,P2,Wave 2,421,Batch 8,"score 14.6, linked source",not_audited,,,,business_0507,audit_first,C_audit
2,은평/연신내,베이프스팟 은평점,서울 은평구 은평로 108 1층 107호 전자담배,0507-1434-6224,https://pcmap.place.naver.com/place/1597759101/home,,,,전자담배 전문점,은평/연신내 네이버 검색 롱테일 검증,4,4,5,13,A,2,미접촉,,네이버 검색 롱테일 확장 2026-04-10 · query=응암 전자담배,yes,linked_source,,확장/생활상권,14.60,P2,Wave 2,422,Batch 8,"score 14.6, linked source",not_audited,,,,business_0507,audit_first,C_audit
2,은평/연신내,소울베이프,서울 은평구 통일로 653 1층 2호 소울베이프,0507-1329-6418,https://pcmap.place.naver.com/place/1569424907/home,,,,전자담배 전문점,은평/연신내 네이버 검색 롱테일 검증,4,4,5,13,A,2,미접촉,,네이버 검색 롱테일 확장 2026-04-10 · query=홍제 전자담배,yes,linked_source,,확장/생활상권,14.60,P2,Wave 2,423,Batch 8,"score 14.6, linked source",not_audited,,,,business_0507,audit_first,C_audit
2,은평/연신내,위베이프 247역말,서울 은평구 연서로 23-1 1층,0507-1326-9136,https://pcmap.place.naver.com/place/1112823314/home,,,,전자담배 전문점,은평/연신내 네이버 검색 롱테일 3차 검증,4,4,5,13,A,2,미접촉,,네이버 검색 롱테일 3차 확장 2026-04-10 · query=응암역 전자담배,yes,linked_source,,확장/생활상권,14.60,P2,Wave 2,424,Batch 8,"score 14.6, linked source",not_audited,,,,business_0507,audit_first,C_audit
2,은평/연신내,위베이프 247은평,서울 은평구 연서로 313-1 102호,0507-1381-9383,https://pcmap.place.naver.com/place/1150898905/home,,,,전자담배 전문점,은평/연신내 네이버 검색 롱테일 검증,4,4,5,13,A,2,미접촉,,네이버 검색 롱테일 확장 2026-04-10 · query=구파발 전자담배,yes,linked_source,,확장/생활상권,14.60,P2,Wave 2,425,Batch 8,"score 14.6, linked source",not_audited,,,,business_0507,audit_first,C_audit
2,은평/연신내,위베이프 왕언니네전자담배,서울 은평구 은평로 91 왕언니네전자담배,0507-1492-8344,https://pcmap.place.naver.com/place/2046143846/home,,,,전자담배 전문점,은평/연신내 네이버 검색 롱테일 검증,4,4,5,13,A,2,미접촉,,네이버 검색 롱테일 확장 2026-04-10 · query=응암 전자담배,yes,linked_source,,확장/생활상권,14.60,P2,Wave 2,426,Batch 8,"score 14.6, linked source",not_audited,,,,business_0507,audit_first,C_audit
2,은평/연신내,전담클럽 은평구청점,서울 은평구 은평로 197 1층,0507-1420-4822,https://pcmap.place.naver.com/place/1575320891/home,,,,전자담배 전문점,은평/연신내 네이버 검색 롱테일 검증,4,4,5,13,A,2,미접촉,,네이버 검색 롱테일 확장 2026-04-10 · query=홍제 전자담배,yes,linked_source,,확장/생활상권,14.60,P2,Wave 2,427,Batch 8,"score 14.6, linked source",not_audited,,,,business_0507,audit_first,C_audit
2,은평/연신내,전자담배 스트롱베이프 구파발점,서울 은평구 통일로 1034 은평스카이뷰자이 판매시설동101호 1층,0507-1338-9731,https://pcmap.place.naver.com/place/1705306091/home,,,,전자담배 전문점,은평/연신내 네이버 검색 롱테일 검증,4,4,5,13,A,2,미접촉,,네이버 검색 롱테일 확장 2026-04-10 · query=구파발 전자담배,yes,linked_source,,확장/생활상권,14.60,P2,Wave 2,428,Batch 8,"score 14.6, linked source",not_audited,,,,business_0507,audit_first,C_audit
2,은평/연신내,하카전자담배 연신내역점,서울 은평구 통일로 845 1층,0507-1391-2206,https://pcmap.place.naver.com/place/35727036/home,,,,전자담배 전문점,은평/연신내 네이버 검색 롱테일 검증,4,4,5,13,A,2,미접촉,,네이버 검색 롱테일 확장 2026-04-10 · query=불광 전자담배,yes,linked_source,,확장/생활상권,14.60,P2,Wave 2,429,Batch 8,"score 14.6, linked source",not_audited,,,,business_0507,audit_first,C_audit
2,중랑/면목,24시 전자담배 보나팩토리 묵동점,서울 중랑구 공릉로12길 3 1층,0507-1351-8281,https://pcmap.place.naver.com/place/1779848399/home,,,,전자담배 전문점,중랑/면목 네이버 검색 롱테일 검증,4,4,5,13,A,2,미접촉,,네이버 검색 롱테일 확장 2026-04-10 · query=태릉입구역 전자담배,yes,linked_source,,확장/생활상권,14.60,P2,Wave 2,430,Batch 8,"score 14.6, linked source",not_audited,,,,business_0507,audit_first,C_audit
2,중랑/면목,JMI전자담배 사가정점,서울 중랑구 면목로 326 1층,0507-1365-6537,https://pcmap.place.naver.com/place/1751216474/home,,,,전자담배 전문점,중랑/면목 네이버 검색 롱테일 검증,4,4,5,13,A,2,미접촉,,네이버 검색 롱테일 확장 2026-04-10 · query=망우 전자담배,yes,linked_source,,확장/생활상권,14.60,P2,Wave 2,431,Batch 8,"score 14.6, linked source",not_audited,,,,business_0507,audit_first,C_audit
2,중랑/면목,뽀빠이 전자담배,서울 중랑구 면목로 369 뽀빠이 전자담배,0507-1485-1100,https://pcmap.place.naver.com/place/1567157035/home,,,,전자담배 전문점,중랑/면목 네이버 검색 롱테일 검증,4,4,5,13,A,2,미접촉,,네이버 검색 롱테일 확장 2026-04-10 · query=사가정역 전자담배,yes,linked_source,,확장/생활상권,14.60,P2,Wave 2,432,Batch 8,"score 14.6, linked source",not_audited,,,,business_0507,audit_first,C_audit
2,중랑/면목,오베이프 상봉점,서울 중랑구 망우로 286 1층 오베이프,0507-1301-6568,https://pcmap.place.naver.com/place/1147366456/home,,,,전자담배 전문점,중랑/면목 네이버 검색 롱테일 검증,4,4,5,13,A,2,미접촉,,네이버 검색 롱테일 확장 2026-04-10 · query=상봉 전자담배,yes,linked_source,,확장/생활상권,14.60,P2,Wave 2,433,Batch 8,"score 14.6, linked source",not_audited,,,,business_0507,audit_first,C_audit
2,중랑/면목,위베이프전자담배 상봉점,서울 중랑구 면목로 488 1층 102호,0507-1371-1677,https://pcmap.place.naver.com/place/2048863393/home,,,,전자담배 전문점,중랑/면목 네이버 검색 롱테일 검증,4,4,5,13,A,2,미접촉,,네이버 검색 롱테일 확장 2026-04-10 · query=상봉 전자담배,yes,linked_source,,확장/생활상권,14.60,P2,Wave 2,434,Batch 8,"score 14.6, linked source",not_audited,,,,business_0507,audit_first,C_audit
2,중랑/면목,전담GATE 상봉망우점,서울 중랑구 봉우재로33길 55 마제스티 101호,0507-1407-5686,https://pcmap.place.naver.com/place/2029809346/home,,,,전자담배 전문점,중랑/면목 네이버 검색 롱테일 검증,4,4,5,13,A,2,미접촉,,네이버 검색 롱테일 확장 2026-04-10 · query=상봉 전자담배,yes,linked_source,,확장/생활상권,14.60,P2,Wave 2,435,Batch 8,"score 14.6, linked source",not_audited,,,,business_0507,audit_first,C_audit
2,중랑/면목,전담살롱 사가정역점,서울 중랑구 면목로 347 1층,0507-1420-2253,https://pcmap.place.naver.com/place/1144634272/home,,,,전자담배 전문점,중랑/면목 네이버 검색 롱테일 검증,4,4,5,13,A,2,미접촉,,네이버 검색 롱테일 확장 2026-04-10 · query=망우 전자담배,yes,linked_source,,확장/생활상권,14.60,P2,Wave 2,436,Batch 8,"score 14.6, linked source",not_audited,,,,business_0507,audit_first,C_audit
2,중랑/면목,전담역 상봉역점,서울 중랑구 면목로92길 28 104호,0507-1442-9084,https://pcmap.place.naver.com/place/2016236228/home,,,,전자담배 전문점,중랑/면목 네이버 검색 롱테일 검증,4,4,5,13,A,2,미접촉,,네이버 검색 롱테일 확장 2026-04-10 · query=상봉 전자담배,yes,linked_source,,확장/생활상권,14.60,P2,Wave 2,437,Batch 8,"score 14.6, linked source",not_audited,,,,business_0507,audit_first,C_audit
2,중랑/면목,하카 중랑구상봉역직영점,서울 중랑구 망우로 275 1층 102호,0507-1493-2165,https://pcmap.place.naver.com/place/2002173110/home,,,,전자담배 전문점,중랑/면목 네이버 검색 롱테일 검증,4,4,5,13,A,2,미접촉,,네이버 검색 롱테일 확장 2026-04-10 · query=상봉 전자담배,yes,linked_source,,확장/생활상권,14.60,P2,Wave 2,438,Batch 8,"score 14.6, linked source",not_audited,,,,business_0507,audit_first,C_audit
2,천호/강동,JMI 전자담배 길동점,서울 강동구 천중로50길 10 1층 전자담배,0507-1346-2043,https://pcmap.place.naver.com/place/1043939780/home,,,,전자담배 전문점,천호/강동 네이버 검색 롱테일 검증,4,4,5,13,A,2,미접촉,,네이버 검색 롱테일 확장 2026-04-10 · query=길동 전자담배,yes,linked_source,,확장/생활상권,14.60,P2,Wave 2,439,Batch 8,"score 14.6, linked source",not_audited,,,,business_0507,audit_first,C_audit
2,천호/강동,JMI 전자담배 암사점,서울 강동구 올림픽로92길 66 1층 JMI 전자담배 암사역점,0507-1334-2043,https://pcmap.place.naver.com/place/1835569612/home,,,,전자담배 전문점,천호/강동 네이버 검색 롱테일 3차 검증,4,4,5,13,A,2,미접촉,,네이버 검색 롱테일 3차 확장 2026-04-10 · query=암사역 전자담배,yes,linked_source,,확장/생활상권,14.60,P2,Wave 2,440,Batch 8,"score 14.6, linked source",not_audited,,,,business_0507,audit_first,C_audit
2,천호/강동,JMI전자담배 둔촌점,서울 강동구 양재대로87길 19 1층 2호,0507-1325-2043,https://pcmap.place.naver.com/place/1614077693/home,,,,전자담배 전문점,천호/강동 네이버 검색 롱테일 검증,4,4,5,13,A,2,미접촉,,네이버 검색 롱테일 확장 2026-04-10 · query=둔촌동 전자담배,yes,linked_source,,확장/생활상권,14.60,P2,Wave 2,441,Batch 8,"score 14.6, linked source",not_audited,,,,business_0507,audit_first,C_audit
2,천호/강동,JMI전자담배 명일점,서울 강동구 구천면로 384 2층 201호 전자담배,0507-1497-8783,https://pcmap.place.naver.com/place/1117596164/home,,,,전자담배 전문점,천호/강동 네이버 검색 롱테일 3차 검증,4,4,5,13,A,2,미접촉,,네이버 검색 롱테일 3차 확장 2026-04-10 · query=고덕역 전자담배,yes,linked_source,,확장/생활상권,14.60,P2,Wave 2,442,Batch 8,"score 14.6, linked source",not_audited,,,,business_0507,audit_first,C_audit
2,천호/강동,JMI전자담배 천호점,서울 강동구 천호대로157길 14 나비빌딩 1층 전자담배,0507-1431-2044,https://pcmap.place.naver.com/place/36342737/home,,,,전자담배 전문점,천호/강동 네이버 검색 롱테일 검증,4,4,5,13,A,2,미접촉,,네이버 검색 롱테일 확장 2026-04-10 · query=둔촌동 전자담배,yes,linked_source,,확장/생활상권,14.60,P2,Wave 2,443,Batch 8,"score 14.6, linked source",not_audited,,,,business_0507,audit_first,C_audit
2,천호/강동,모던베이프,서울 강동구 올림픽로 816 102호 모던베이프,0507-1324-8264,https://pcmap.place.naver.com/place/1816310244/home,,,,전자담배 전문점,천호/강동 네이버 검색 롱테일 3차 검증,4,4,5,13,A,2,미접촉,,네이버 검색 롱테일 3차 확장 2026-04-10 · query=암사역 전자담배,yes,linked_source,,확장/생활상권,14.60,P2,Wave 2,445,Batch 8,"score 14.6, linked source",not_audited,,,,business_0507,audit_first,C_audit
2,천호/강동,베이프쥬 강동점,서울 강동구 천호대로 1116 라이저강동빌딩 1층 105호,0507-1336-0244,https://pcmap.place.naver.com/place/1378836699/home,,,,전자담배 전문점,천호/강동 네이버 검색 롱테일 3차 검증,4,4,5,13,A,2,미접촉,,네이버 검색 롱테일 3차 확장 2026-04-10 · query=강동역 전자담배,yes,linked_source,,확장/생활상권,14.60,P2,Wave 2,446,Batch 8,"score 14.6, linked source",not_audited,,,,business_0507,audit_first,C_audit
2,천호/강동,베이프판다,서울 강동구 고덕비즈밸리로 26 B동 1층 109호,0507-1492-1495,https://pcmap.place.naver.com/place/1536838485/home,,,,전자담배 전문점,천호/강동 네이버 검색 롱테일 3차 검증,4,4,5,13,A,2,미접촉,,네이버 검색 롱테일 3차 확장 2026-04-10 · query=고덕역 전자담배,yes,linked_source,,확장/생활상권,14.60,P2,Wave 2,447,Batch 8,"score 14.6, linked source",not_audited,,,,business_0507,audit_first,C_audit
2,천호/강동,슈가베이프 강동점,서울 강동구 천호옛길 94 1층,0507-1352-7708,https://pcmap.place.naver.com/place/1155382145/home,,,,전자담배 전문점,천호/강동 네이버 검색 롱테일 검증,4,4,5,13,A,2,미접촉,,네이버 검색 롱테일 확장 2026-04-10 · query=강동구청역 전자담배,yes,linked_source,,확장/생활상권,14.60,P2,Wave 2,448,Batch 8,"score 14.6, linked source",not_audited,,,,business_0507,audit_first,C_audit
2,천호/강동,엔조이베이프,서울 강동구 천호옛14길 28 104호,0507-1313-7814,https://pcmap.place.naver.com/place/1164578344/home,,,,전자담배 전문점,천호/강동 네이버 검색 롱테일 3차 검증,4,4,5,13,A,2,미접촉,,네이버 검색 롱테일 3차 확장 2026-04-10 · query=천호역 전자담배,yes,linked_source,,확장/생활상권,14.60,P2,Wave 2,449,Batch 8,"score 14.6, linked source",not_audited,,,,business_0507,audit_first,C_audit
2,천호/강동,오지구 천호로데오점,서울 강동구 천호대로157길 25 1층,0507-1405-1758,https://pcmap.place.naver.com/place/2025694506/home,,,,전자담배 전문점,천호/강동 네이버 검색 롱테일 3차 검증,4,4,5,13,A,2,미접촉,,네이버 검색 롱테일 3차 확장 2026-04-10 · query=천호역 전자담배,yes,linked_source,,확장/생활상권,14.60,P2,Wave 2,450,Batch 8,"score 14.6, linked source",not_audited,,,,business_0507,audit_first,C_audit
2,천호/강동,위베이프전자담배 천호역점,서울 강동구 천호대로 1006 브라운스톤 지하3층 B327호,0507-1461-6204,https://pcmap.place.naver.com/place/1351128624/home,,,,전자담배 전문점,천호/강동 네이버 검색 롱테일 검증,4,4,5,13,A,2,미접촉,,네이버 검색 롱테일 확장 2026-04-10 · query=강동구청역 전자담배,yes,linked_source,,확장/생활상권,14.60,P2,Wave 2,451,Batch 8,"score 14.6, linked source",not_audited,,,,business_0507,audit_first,C_audit
2,천호/강동,전담GATE 천호로데오점,서울 강동구 천호대로157길 29 1층,0507-1433-1729,https://pcmap.place.naver.com/place/2017516378/home,,,,전자담배 전문점,천호/강동 네이버 검색 롱테일 검증,4,4,5,13,A,2,미접촉,,네이버 검색 롱테일 확장 2026-04-10 · query=둔촌동 전자담배,yes,linked_source,,확장/생활상권,14.60,P2,Wave 2,452,Batch 8,"score 14.6, linked source",not_audited,,,,business_0507,audit_first,C_audit
2,천호/강동,전담GATE 천호역점,서울 강동구 천호대로 1021 1층 2호,0507-1404-6840,https://pcmap.place.naver.com/place/1188630702/home,,,,전자담배 전문점,천호/강동 네이버 검색 롱테일 3차 검증,4,4,5,13,A,2,미접촉,,네이버 검색 롱테일 3차 확장 2026-04-10 · query=천호역 전자담배,yes,linked_source,,확장/생활상권,14.60,P2,Wave 2,453,Batch 8,"score 14.6, linked source",not_audited,,,,business_0507,audit_first,C_audit
2,천호/강동,제로전자담배 길동점,서울 강동구 진황도로 98 디유니크강동투웨니퍼스트 106호,0507-1365-9845,https://pcmap.place.naver.com/place/2099943188/home,,,,전자담배 전문점,천호/강동 네이버 검색 롱테일 검증,4,4,5,13,A,2,미접촉,,네이버 검색 롱테일 확장 2026-04-10 · query=길동 전자담배,yes,linked_source,,확장/생활상권,14.60,P2,Wave 2,454,Batch 8,"score 14.6, linked source",not_audited,,,,business_0507,audit_first,C_audit
2,천호/강동,토토전자담배,서울 강동구 올림픽로98길 7,0507-1378-1514,https://pcmap.place.naver.com/place/1243450120/home,,,,전자담배 전문점,천호/강동 네이버 검색 롱테일 3차 검증,4,4,5,13,A,2,미접촉,,네이버 검색 롱테일 3차 확장 2026-04-10 · query=암사역 전자담배,yes,linked_source,,확장/생활상권,14.60,P2,Wave 2,455,Batch 8,"score 14.6, linked source",not_audited,,,,business_0507,audit_first,C_audit
2,천호/강동,하카 강동역직영점,서울 강동구 천호대로 1078 1층 104호,0507-1458-2167,https://pcmap.place.naver.com/place/2024225582/home,,,,전자담배 전문점,천호/강동 네이버 검색 롱테일 3차 검증,4,4,5,13,A,2,미접촉,,네이버 검색 롱테일 3차 확장 2026-04-10 · query=강동역 전자담배,yes,linked_source,,확장/생활상권,14.60,P2,Wave 2,456,Batch 8,"score 14.6, linked source",not_audited,,,,business_0507,audit_first,C_audit
2,천호/강동,한국전자담배 천호점,서울 강동구 천중로12길 1 성우스타펠리스 103동 104호,0507-1344-1342,https://pcmap.place.naver.com/place/13586726/home,,,,전자담배 전문점,천호/강동 네이버 검색 롱테일 3차 검증,4,4,5,13,A,2,미접촉,,네이버 검색 롱테일 3차 확장 2026-04-10 · query=암사역 전자담배,yes,linked_source,,확장/생활상권,14.60,P2,Wave 2,457,Batch 8,"score 14.6, linked source",not_audited,,,,business_0507,audit_first,C_audit
2,강서/마곡,스모키라운지전자담배,서울 강서구 강서로 237 1층 12호,0507-1348-8625,https://pcmap.place.naver.com/place/1445912016/home,,,,전자담배 전문점,강서/마곡 네이버 검색 검증,3,4,5,12,B,1,미접촉,,네이버 지도 검색 기반 신규 추가 2026-04-10 저녁,yes,linked_source,,확장/생활상권,14.00,P2,Wave 2,464,Batch 8,"score 14.0, message_type1, linked source",not_audited,,,,business_0507,audit_first,C_audit
2,강서/마곡,전자담배액상,서울 강서구 마곡중앙6로 63 653호,0507-1394-0231,https://pcmap.place.naver.com/place/1405847452/home,,,,전자담배 전문점,강서/마곡 네이버 검색 검증,3,4,5,12,B,1,미접촉,,네이버 지도 검색 기반 신규 추가 2026-04-10 저녁,yes,linked_source,,확장/생활상권,14.00,P2,Wave 2,465,Batch 8,"score 14.0, message_type1, linked source",not_audited,,,,business_0507,audit_first,C_audit
2,강서/마곡,화곡 전자담배,서울 강서구 화곡로 139 지하1층,0507-1393-7552,https://pcmap.place.naver.com/place/1751259386/home,,,,전자담배 전문점,강서/마곡 네이버 검색 검증,3,4,5,12,B,1,미접촉,,네이버 지도 검색 기반 신규 추가 2026-04-10 저녁,yes,linked_source,,확장/생활상권,14.00,P2,Wave 2,466,Batch 8,"score 14.0, message_type1, linked source",not_audited,,,,business_0507,audit_first,C_audit
2,금호/약수/옥수,금호 전자담배,,0507-1472-2225,https://pcmap.place.naver.com/place/35948874/home,,,,전자담배 전문점,금호/약수/옥수 네이버 검색 검증,3,4,5,12,B,1,미접촉,,네이버 지도 검색 기반 신규 추가 2026-04-10 저녁 (주소 확인 필요),yes,linked_source,,확장/생활상권,14.00,P2,Wave 2,467,Batch 8,"score 14.0, message_type1, linked source",not_audited,,,,business_0507,audit_first,C_audit
2,금호/약수/옥수,한남베이프,서울 용산구 독서당로 33 1층 101호 한남베이프,0507-1429-0566,https://pcmap.place.naver.com/place/1543104082/home,,,,전자담배 전문점,금호/약수/옥수 네이버 검색 검증,3,4,5,12,B,1,미접촉,,네이버 지도 검색 기반 신규 추가 2026-04-10 저녁,yes,linked_source,,확장/생활상권,14.00,P2,Wave 2,468,Batch 8,"score 14.0, message_type1, linked source",not_audited,,,,business_0507,audit_first,C_audit
2,노량진/보라매,VAPE ZONE 장승배기점,서울 동작구 상도로15길 92 1층 베이프존 전자담배,0507-1345-8808,https://pcmap.place.naver.com/place/1791562375/home,,,,전자담배 전문점,구로디지털단지 네이버 검색 검증,3,4,5,12,B,1,미접촉,,네이버 지도 검색 기반 신규 추가 2026-04-10 저녁,yes,linked_source,,확장/생활상권,14.00,P2,Wave 2,469,Batch 8,"score 14.0, message_type1, linked source",not_audited,,,,business_0507,audit_first,C_audit
2,노원,노원 전자담배,,0507-1471-1215,https://pcmap.place.naver.com/place/2052284846/home,,,,전자담배 전문점,노원 네이버 검색 검증,3,4,5,12,B,1,미접촉,,네이버 지도 검색 기반 신규 추가 2026-04-10 저녁 (주소 확인 필요),yes,linked_source,,확장/생활상권,14.00,P2,Wave 2,470,Batch 8,"score 14.0, message_type1, linked source",not_audited,,,,business_0507,audit_first,C_audit
2,노원,노원 전자담배,,0507-1473-7746,https://pcmap.place.naver.com/place/1324436545/home,,,,전자담배 전문점,노원 네이버 검색 검증,3,4,5,12,B,1,미접촉,,네이버 지도 검색 기반 신규 추가 2026-04-10 저녁 (주소 확인 필요),yes,linked_source,,확장/생활상권,14.00,P2,Wave 2,471,Batch 8,"score 14.0, message_type1, linked source",not_audited,,,,business_0507,audit_first,C_audit
2,노원,노원 전자담배,,0507-1363-0964,https://pcmap.place.naver.com/place/2063793672/home,,,,전자담배 전문점,노원 네이버 검색 검증,3,4,5,12,B,1,미접촉,,네이버 지도 검색 기반 신규 추가 2026-04-10 저녁 (주소 확인 필요),yes,linked_source,,확장/생활상권,14.00,P2,Wave 2,472,Batch 8,"score 14.0, message_type1, linked source",not_audited,,,,business_0507,audit_first,C_audit
2,도봉/창동,도봉 전자담배,,0507-1364-8697,https://pcmap.place.naver.com/place/2085884562/home,,,,전자담배 전문점,도봉/창동 네이버 검색 검증,3,4,5,12,B,1,미접촉,,네이버 지도 검색 기반 신규 추가 2026-04-10 저녁 (주소 확인 필요),yes,linked_source,,확장/생활상권,14.00,P2,Wave 2,473,Batch 8,"score 14.0, message_type1, linked source",not_audited,,,,business_0507,audit_first,C_audit
2,도봉/창동,베이핑크루,서울 노원구 동일로 1657 1층 전자담배,0507-1405-8550,https://pcmap.place.naver.com/place/36233457/home,,,,전자담배 전문점,도봉/창동 네이버 검색 검증,3,4,5,12,B,1,미접촉,,네이버 지도 검색 기반 신규 추가 2026-04-10 저녁,yes,linked_source,,확장/생활상권,14.00,P2,Wave 2,474,Batch 8,"score 14.0, message_type1, linked source",not_audited,,,,business_0507,audit_first,C_audit
2,동대문/청량리,청량리 전자담배,,0507-1365-3345,https://pcmap.place.naver.com/place/1242383053/home,,,,전자담배 전문점,동대문/청량리 네이버 검색 검증,3,4,5,12,B,1,미접촉,,네이버 지도 검색 기반 신규 추가 2026-04-10 저녁 (주소 확인 필요),yes,linked_source,,확장/생활상권,14.00,P2,Wave 2,475,Batch 8,"score 14.0, message_type1, linked source",not_audited,,,,business_0507,audit_first,C_audit
2,사당/방배,스타베이프 전자담배,서울 서초구 방배로 175 1층 101호,0507-1355-6536,https://pcmap.place.naver.com/place/1034209529/home,,,,전자담배 전문점,사당/방배 네이버 검색 검증,3,4,5,12,B,1,미접촉,,네이버 지도 검색 기반 신규 추가 2026-04-10 저녁,yes,linked_source,,확장/생활상권,14.00,P2,Wave 2,477,Batch 8,"score 14.0, message_type1, linked source",not_audited,,,,business_0507,audit_first,C_audit
2,서대문/홍제,서대문홍제 전자담배,,0507-1307-0734,https://pcmap.place.naver.com/place/1979465790/home,,,,전자담배 전문점,서대문/홍제 네이버 검색 검증,3,4,5,12,B,1,미접촉,,네이버 지도 검색 기반 신규 추가 2026-04-10 저녁 (주소 확인 필요),yes,linked_source,,확장/생활상권,14.00,P2,Wave 2,478,Batch 8,"score 14.0, message_type1, linked source",not_audited,,,,business_0507,audit_first,C_audit
2,서대문/홍제,서대문홍제 전자담배,,0507-1481-2469,https://pcmap.place.naver.com/place/1247926398/home,,,,전자담배 전문점,서대문/홍제 네이버 검색 검증,3,4,5,12,B,1,미접촉,,네이버 지도 검색 기반 신규 추가 2026-04-10 저녁 (주소 확인 필요),yes,linked_source,,확장/생활상권,14.00,P2,Wave 2,479,Batch 8,"score 14.0, message_type1, linked source",not_audited,,,,business_0507,audit_first,C_audit
2,서대문/홍제,서대문홍제 전자담배,,0507-1366-3187,https://pcmap.place.naver.com/place/1546221983/home,,,,전자담배 전문점,서대문/홍제 네이버 검색 검증,3,4,5,12,B,1,미접촉,,네이버 지도 검색 기반 신규 추가 2026-04-10 저녁 (주소 확인 필요),yes,linked_source,,확장/생활상권,14.00,P2,Wave 2,480,Batch 8,"score 14.0, message_type1, linked source",not_audited,,,,business_0507,audit_first,C_audit
2,서대문/홍제,서대문홍제 전자담배,,0507-1489-3790,https://pcmap.place.naver.com/place/2089343457/home,,,,전자담배 전문점,서대문/홍제 네이버 검색 검증,3,4,5,12,B,1,미접촉,,네이버 지도 검색 기반 신규 추가 2026-04-10 저녁 (주소 확인 필요),yes,linked_source,,확장/생활상권,14.00,P2,Wave 2,481,Batch 8,"score 14.0, message_type1, linked source",not_audited,,,,business_0507,audit_first,C_audit
2,서대문/홍제,서대문홍제 전자담배,,0507-1388-2162,https://pcmap.place.naver.com/place/2046313062/home,,,,전자담배 전문점,서대문/홍제 네이버 검색 검증,3,4,5,12,B,1,미접촉,,네이버 지도 검색 기반 신규 추가 2026-04-10 저녁 (주소 확인 필요),yes,linked_source,,확장/생활상권,14.00,P2,Wave 2,482,Batch 8,"score 14.0, message_type1, linked source",not_audited,,,,business_0507,audit_first,C_audit
2,서대문/홍제,위베이프 전자담배 명지가재울점,서울 서대문구 증가로 150 상가동 B322호,0507-1407-3641,https://pcmap.place.naver.com/place/2072688461/home,,,,전자담배 전문점,서대문/홍제 네이버 검색 검증,3,4,5,12,B,1,미접촉,,네이버 지도 검색 기반 신규 추가 2026-04-10 저녁,yes,linked_source,,확장/생활상권,14.00,P2,Wave 2,483,Batch 8,"score 14.0, message_type1, linked source",not_audited,,,,business_0507,audit_first,C_audit
2,신림,신림 전자담배,,0507-1342-9365,https://pcmap.place.naver.com/place/1241162833/home,,,,전자담배 전문점,신림 네이버 검색 검증,3,4,5,12,B,1,미접촉,,네이버 지도 검색 기반 신규 추가 2026-04-10 저녁 (주소 확인 필요),yes,linked_source,,확장/생활상권,14.00,P2,Wave 2,484,Batch 8,"score 14.0, message_type1, linked source",not_audited,,,,business_0507,audit_first,C_audit
2,은평/연신내,연신내 전자담배,,0507-1416-7782,https://pcmap.place.naver.com/place/13543727/home,,,,전자담배 전문점,은평/연신내 네이버 검색 검증,3,4,5,12,B,1,미접촉,,네이버 지도 검색 기반 신규 추가 2026-04-10 저녁 (주소 확인 필요),yes,linked_source,,확장/생활상권,14.00,P2,Wave 2,487,Batch 8,"score 14.0, message_type1, linked source",not_audited,,,,business_0507,audit_first,C_audit
2,중랑/면목,제로전자담배 상봉역점,서울 중랑구 망우로 322 1동 1층 112호,0507-1336-3943,https://pcmap.place.naver.com/place/2058437619/home,,,,전자담배 전문점,중랑/면목 네이버 검색 검증,3,4,5,12,B,1,미접촉,,네이버 지도 검색 기반 신규 추가 2026-04-10 저녁,yes,linked_source,,확장/생활상권,14.00,P2,Wave 2,488,Batch 8,"score 14.0, message_type1, linked source",not_audited,,,,business_0507,audit_first,C_audit
2,구로디지털단지,구로 전자담배,,0507-1374-3730,,,,,전자담배 전문점,구로디지털단지 네이버 검색 검증,3,4,5,12,B,1,미접촉,,네이버 지도 검색 기반 신규 추가 2026-04-10 저녁 (주소 확인 필요),yes,web_search_draft,,혼합 고회전 상권,13.30,P3,Wave 3,521,Batch 11,"score 13.3, message_type1",not_audited,,,,business_0507,audit_first,C_audit
2,마포/공덕,상암 전자담배,서울특별시 마포구 월드컵북로54길 17 사보이시티 A동 1층 122호,0507-1364-3540,,,,,전자담배 전문점,은평/연신내 네이버 검색 검증,3,4,5,12,B,1,미접촉,,네이버 지도 검색 기반 신규 추가 2026-04-10 저녁,yes,web_search_draft,,혼합 고회전 상권,13.30,P3,Wave 3,524,Batch 11,"score 13.3, message_type1",not_audited,,,,business_0507,audit_first,C_audit
3,동대문/청량리,하카전자담배 답십리점,서울 동대문구 답십리로 173 1층,010-7288-3758,https://m.martha-vape.com/bs21/layout/map_store2.html,,,,전자담배 전문점,답십리 생활상권,3,4,5,12,A,2,미접촉,,"공식 스토어 로케이터 재확인 2026-04-10, 마샤 베이프 매장 페이지 기반 비핫스팟 확장 추가",yes,official_locator,,확장/생활상권,13.40,P3,Wave 3,559,Batch 12,"score 13.4, official source",not_audited,,,,mobile_010,audit_first,C_audit
3,서초/양재,증기기관 서초점,서울 서초구 서초중앙로24길 5 맨투맨빌딩 104호,010-9340-6927,https://m.martha-vape.com/bs21/layout/map_store2.html,,,,전자담배 전문점,서초 생활상권,3,4,5,12,A,2,미접촉,,"공식 스토어 로케이터 재확인 2026-04-10, 마샤 베이프 매장 페이지 기반 비핫스팟 확장 추가",yes,official_locator,,확장/생활상권,13.40,P3,Wave 3,560,Batch 12,"score 13.4, official source",not_audited,,,,mobile_010,audit_first,C_audit
2,강서/마곡,강서 전자담배,서울특별시 강서구 화곡로19길 47 502호,0507-1380-1223,,,,,전자담배 전문점,강서/마곡 네이버 검색 검증,3,4,5,12,B,1,미접촉,,네이버 지도 검색 기반 신규 추가 2026-04-10 저녁,yes,web_search_draft,,확장/생활상권,13.30,P3,Wave 3,562,Batch 12,"score 13.3, message_type1",not_audited,,,,business_0507,audit_first,C_audit
2,강서/마곡,강서 전자담배,서울특별시 강서구 강서로 426,0507-1431-8865,,,,,전자담배 전문점,강서/마곡 네이버 검색 검증,3,4,5,12,B,1,미접촉,,네이버 지도 검색 기반 신규 추가 2026-04-10 저녁,yes,web_search_draft,,확장/생활상권,13.30,P3,Wave 3,563,Batch 12,"score 13.3, message_type1",not_audited,,,,business_0507,audit_first,C_audit
2,강서/마곡,강서 전자담배,,0507-1377-9071,,,,,전자담배 전문점,강서/마곡 네이버 검색 검증,3,4,5,12,B,1,미접촉,,네이버 지도 검색 기반 신규 추가 2026-04-10 저녁 (주소 확인 필요),yes,web_search_draft,,확장/생활상권,13.30,P3,Wave 3,564,Batch 12,"score 13.3, message_type1",not_audited,,,,business_0507,audit_first,C_audit
2,강서/마곡,강서 전자담배,,0507-1349-3541,,,,,전자담배 전문점,강서/마곡 네이버 검색 검증,3,4,5,12,B,1,미접촉,,네이버 지도 검색 기반 신규 추가 2026-04-10 저녁 (주소 확인 필요),yes,web_search_draft,,확장/생활상권,13.30,P3,Wave 3,565,Batch 12,"score 13.3, message_type1",not_audited,,,,business_0507,audit_first,C_audit
2,강서/마곡,하카 발산역직영점,서울 강서구 강서로 359-3 1층 101호,0507-1311-0261,,,,,전자담배 전문점,강서/마곡 네이버 검색 검증,3,4,5,12,B,1,미접촉,,네이버 지도 검색 기반 신규 추가 2026-04-10 저녁,yes,web_search_draft,,확장/생활상권,13.30,P3,Wave 3,567,Batch 12,"score 13.3, message_type1",not_audited,,,,business_0507,audit_first,C_audit
2,금호/약수/옥수,금호 전자담배,,0507-1349-3646,,,,,전자담배 전문점,금호/약수/옥수 네이버 검색 검증,3,4,5,12,B,1,미접촉,,네이버 지도 검색 기반 신규 추가 2026-04-10 저녁 (주소 확인 필요),yes,web_search_draft,,확장/생활상권,13.30,P3,Wave 3,568,Batch 12,"score 13.3, message_type1",not_audited,,,,business_0507,audit_first,C_audit
2,노원,노원 전자담배,,0507-1383-8958,,,,,전자담배 전문점,노원 네이버 검색 검증,3,4,5,12,B,1,미접촉,,네이버 지도 검색 기반 신규 추가 2026-04-10 저녁 (주소 확인 필요),yes,web_search_draft,,확장/생활상권,13.30,P3,Wave 3,569,Batch 12,"score 13.3, message_type1",not_audited,,,,business_0507,audit_first,C_audit
2,노원,노원 전자담배,,0507-1366-6482,,,,,전자담배 전문점,노원 네이버 검색 검증,3,4,5,12,B,1,미접촉,,네이버 지도 검색 기반 신규 추가 2026-04-10 저녁 (주소 확인 필요),yes,web_search_draft,,확장/생활상권,13.30,P3,Wave 3,570,Batch 12,"score 13.3, message_type1",not_audited,,,,business_0507,audit_first,C_audit
2,노원,파스타바코 노원총판,서울특별시 노원구 한글비석로 419 1층 파스타바코,0507-1309-9686,,,,,전자담배 전문점,노원 네이버 검색 검증,3,4,5,12,B,1,미접촉,,네이버 지도 검색 기반 신규 추가 2026-04-10 저녁,yes,web_search_draft,,확장/생활상권,13.30,P3,Wave 3,571,Batch 12,"score 13.3, message_type1",not_audited,,,,business_0507,audit_first,C_audit
2,동대문/청량리,청량리 전자담배,,0507-1308-6196,,,,,전자담배 전문점,동대문/청량리 네이버 검색 검증,3,4,5,12,B,1,미접촉,,네이버 지도 검색 기반 신규 추가 2026-04-10 저녁 (주소 확인 필요),yes,web_search_draft,,확장/생활상권,13.30,P3,Wave 3,575,Batch 12,"score 13.3, message_type1",not_audited,,,,business_0507,audit_first,C_audit
2,사당/방배,사당 전자담배,,0507-1412-1162,,,,,전자담배 전문점,사당/방배 네이버 검색 검증,3,4,5,12,B,1,미접촉,,네이버 지도 검색 기반 신규 추가 2026-04-10 저녁 (주소 확인 필요),yes,web_search_draft,,확장/생활상권,13.30,P3,Wave 3,581,Batch 12,"score 13.3, message_type1",not_audited,,,,business_0507,audit_first,C_audit
2,사당/방배,사당 전자담배,,0507-1369-5476,,,,,전자담배 전문점,사당/방배 네이버 검색 검증,3,4,5,12,B,1,미접촉,,네이버 지도 검색 기반 신규 추가 2026-04-10 저녁 (주소 확인 필요),yes,web_search_draft,,확장/생활상권,13.30,P3,Wave 3,582,Batch 12,"score 13.3, message_type1",not_audited,,,,business_0507,audit_first,C_audit
2,서대문/홍제,서대문홍제 전자담배,,0507-1498-8791,,,,,전자담배 전문점,서대문/홍제 네이버 검색 검증,3,4,5,12,B,1,미접촉,,네이버 지도 검색 기반 신규 추가 2026-04-10 저녁 (주소 확인 필요),yes,web_search_draft,,확장/생활상권,13.30,P3,Wave 3,584,Batch 12,"score 13.3, message_type1",not_audited,,,,business_0507,audit_first,C_audit
2,서대문/홍제,서대문홍제 전자담배,,0507-1345-2946,,,,,전자담배 전문점,서대문/홍제 네이버 검색 검증,3,4,5,12,B,1,미접촉,,네이버 지도 검색 기반 신규 추가 2026-04-10 저녁 (주소 확인 필요),yes,web_search_draft,,확장/생활상권,13.30,P3,Wave 3,585,Batch 12,"score 13.3, message_type1",not_audited,,,,business_0507,audit_first,C_audit
2,신림,신림 전자담배,,0507-1397-1081,,,,,전자담배 전문점,신림 네이버 검색 검증,3,4,5,12,B,1,미접촉,,네이버 지도 검색 기반 신규 추가 2026-04-10 저녁 (주소 확인 필요),yes,web_search_draft,,확장/생활상권,13.30,P3,Wave 3,593,Batch 12,"score 13.3, message_type1",not_audited,,,,business_0507,audit_first,C_audit
2,신림,신림 전자담배,,0507-1333-2430,,,,,전자담배 전문점,신림 네이버 검색 검증,3,4,5,12,B,1,미접촉,,네이버 지도 검색 기반 신규 추가 2026-04-10 저녁 (주소 확인 필요),yes,web_search_draft,,확장/생활상권,13.30,P3,Wave 3,594,Batch 12,"score 13.3, message_type1",not_audited,,,,business_0507,audit_first,C_audit
2,은평/연신내,연신내 전자담배,,0507-1446-5100,,,,,전자담배 전문점,은평/연신내 네이버 검색 검증,3,4,5,12,B,1,미접촉,,네이버 지도 검색 기반 신규 추가 2026-04-10 저녁 (주소 확인 필요),yes,web_search_draft,,확장/생활상권,13.30,P3,Wave 3,597,Batch 12,"score 13.3, message_type1",not_audited,,,,business_0507,audit_first,C_audit
2,중랑/면목,상봉역 전자담배,서울특별시 중랑구 봉우재로33길 20,0507-1408-7905,,,,,전자담배 전문점,중랑/면목 네이버 검색 검증,3,4,5,12,B,1,미접촉,,네이버 지도 검색 기반 신규 추가 2026-04-10 저녁,yes,web_search_draft,,확장/생활상권,13.30,P3,Wave 3,598,Batch 12,"score 13.3, message_type1",not_audited,,,,business_0507,audit_first,C_audit
